id	Active (0/1)	Name *	Categories	Price tax excluded or Price tax included	Tax rules ID	Wholesale price	On sale (0/1)	Discount amount	Discount percent	Discount from (yyyy-mm-dd)	Discount to (yyyy-mm-dd)	SKU	Supplier reference #	Supplier	Manufacturer	EAN13	UPC	Ecotax	Width	Height	Depth	Weight	Quantity	Minimal quantity	Visibility	Additional shipping cost	Unity	Unit price	Short description	Description	Tags (x,y,z...)	Meta title	Meta keywords	Meta description	URL rewritten	Text when in stock	Text when backorder allowed	Available for order (0 = No, 1 = Yes)	Product available date	Product creation date	Show price (0 = No, 1 = Yes)	image url	Delete existing images (0 = No, 1 = Yes)	Feature(Name:Value:Position)	Available online only (0 = No, 1 = Yes)	Condition	Customizable (0 = No, 1 = Yes)	Uploadable files (0 = No, 1 = Yes)	Text fields (0 = No, 1 = Yes)	Out of stock	ID / Name of shop	Advanced stock management	Depends On Stock	Warehouse
80547		Helmschild Profile 08																											<p>Helmschild für Acerbis	Helmschild Profile 08<p>Schützt vor:</p><ul><li>Blendung durch Sonnenstrahlen</li><li>Staub</li><li>Insekten</li><li>Feuchtigkeit</li></ul><br><p>Es gibt zwei Typen an Helmschildern:</p><ul><li>Blende : vor den Augen, auf einem Integral- und Klapphelm</li><li>Kappe : auf Höhe der Stirn, auf Cross und Jethelmen</li></ul>																								
80548		Helmschild Profile 08																											<p>Helmschild für Acerbis	Helmschild Profile 08<p>Schützt vor:</p><ul><li>Blendung durch Sonnenstrahlen</li><li>Staub</li><li>Insekten</li><li>Feuchtigkeit</li></ul><br><p>Es gibt zwei Typen an Helmschildern:</p><ul><li>Blende : vor den Augen, auf einem Integral- und Klapphelm</li><li>Kappe : auf Höhe der Stirn, auf Cross und Jethelmen</li></ul>																								
80549		Helmschild Profile Evolution																											<p>Helmschild für Acerbis	Helmschild Profile Evolution<p>Schützt vor:</p><ul><li>Blendung durch Sonnenstrahlen</li><li>Staub</li><li>Insekten</li><li>Feuchtigkeit</li></ul><br><p>Es gibt zwei Typen an Helmschildern:</p><ul><li>Blende : vor den Augen, auf einem Integral- und Klapphelm</li><li>Kappe : auf Höhe der Stirn, auf Cross und Jethelmen</li></ul>																								
80550		Helmschild Profile Evolution 06 Blau																											<p>Helmschild für Acerbis	Helmschild Profile Evolution 06 Blau<p>Schützt vor:</p><ul><li>Blendung durch Sonnenstrahlen</li><li>Staub</li><li>Insekten</li><li>Feuchtigkeit</li></ul><br><p>Es gibt zwei Typen an Helmschildern:</p><ul><li>Blende : vor den Augen, auf einem Integral- und Klapphelm</li><li>Kappe : auf Höhe der Stirn, auf Cross und Jethelmen</li></ul>																								
80551		Helmschild Profile Evolution 06 Schwarz																											<p>Helmschild für Acerbis	Helmschild Profile Evolution 06 Schwarz<p>Schützt vor:</p><ul><li>Blendung durch Sonnenstrahlen</li><li>Staub</li><li>Insekten</li><li>Feuchtigkeit</li></ul><br><p>Es gibt zwei Typen an Helmschildern:</p><ul><li>Blende : vor den Augen, auf einem Integral- und Klapphelm</li><li>Kappe : auf Höhe der Stirn, auf Cross und Jethelmen</li></ul>																								
80552		Helmschild Profile Evolution 06 Rot																											<p>Helmschild für Acerbis	Helmschild Profile Evolution 06 Rot<p>Schützt vor:</p><ul><li>Blendung durch Sonnenstrahlen</li><li>Staub</li><li>Insekten</li><li>Feuchtigkeit</li></ul><br><p>Es gibt zwei Typen an Helmschildern:</p><ul><li>Blende : vor den Augen, auf einem Integral- und Klapphelm</li><li>Kappe : auf Höhe der Stirn, auf Cross und Jethelmen</li></ul>																								
80553		Helmschild Impact Fiber 06 Schwarz																											<p>Helmschild für Acerbis	Helmschild Impact Fiber 06 Schwarz<p>Schützt vor:</p><ul><li>Blendung durch Sonnenstrahlen</li><li>Staub</li><li>Insekten</li><li>Feuchtigkeit</li></ul><br><p>Es gibt zwei Typen an Helmschildern:</p><ul><li>Blende : vor den Augen, auf einem Integral- und Klapphelm</li><li>Kappe : auf Höhe der Stirn, auf Cross und Jethelmen</li></ul>																								
80554		Helmschild Impact Fiber 06 Patriot																											<p>Helmschild für Acerbis	Helmschild Impact Fiber 06 Patriot<p>Schützt vor:</p><ul><li>Blendung durch Sonnenstrahlen</li><li>Staub</li><li>Insekten</li><li>Feuchtigkeit</li></ul><br><p>Es gibt zwei Typen an Helmschildern:</p><ul><li>Blende : vor den Augen, auf einem Integral- und Klapphelm</li><li>Kappe : auf Höhe der Stirn, auf Cross und Jethelmen</li></ul>																								
80555		Helmschild Impact Evo 06 Pilot'S Dream																											<p>Helmschild für Acerbis	Helmschild Impact Evo 06 Pilot'S Dream<p>Schützt vor:</p><ul><li>Blendung durch Sonnenstrahlen</li><li>Staub</li><li>Insekten</li><li>Feuchtigkeit</li></ul><br><p>Es gibt zwei Typen an Helmschildern:</p><ul><li>Blende : vor den Augen, auf einem Integral- und Klapphelm</li><li>Kappe : auf Höhe der Stirn, auf Cross und Jethelmen</li></ul>																								
80556		Helmschild Impact Evo 06 Rot/Weiss																											<p>Helmschild für Acerbis	Helmschild Impact Evo 06 Rot/Weiss<p>Schützt vor:</p><ul><li>Blendung durch Sonnenstrahlen</li><li>Staub</li><li>Insekten</li><li>Feuchtigkeit</li></ul><br><p>Es gibt zwei Typen an Helmschildern:</p><ul><li>Blende : vor den Augen, auf einem Integral- und Klapphelm</li><li>Kappe : auf Höhe der Stirn, auf Cross und Jethelmen</li></ul>																								
80557		Helmschild X-Fiber Poker Gelb																											<p>Helmschild für Acerbis	Helmschild X-Fiber Poker Gelb<p>Schützt vor:</p><ul><li>Blendung durch Sonnenstrahlen</li><li>Staub</li><li>Insekten</li><li>Feuchtigkeit</li></ul><br><p>Es gibt zwei Typen an Helmschildern:</p><ul><li>Blende : vor den Augen, auf einem Integral- und Klapphelm</li><li>Kappe : auf Höhe der Stirn, auf Cross und Jethelmen</li></ul>																								
80558		Helmschild X-Fiber Paint Grün																											<p>Helmschild für Acerbis	Helmschild X-Fiber Paint Grün<p>Schützt vor:</p><ul><li>Blendung durch Sonnenstrahlen</li><li>Staub</li><li>Insekten</li><li>Feuchtigkeit</li></ul><br><p>Es gibt zwei Typen an Helmschildern:</p><ul><li>Blende : vor den Augen, auf einem Integral- und Klapphelm</li><li>Kappe : auf Höhe der Stirn, auf Cross und Jethelmen</li></ul>																								
80559		Helmschild X-Fiber Ti Weiss/Or																											<p>Helmschild für Acerbis	Helmschild X-Fiber Ti Weiss/Or<p>Schützt vor:</p><ul><li>Blendung durch Sonnenstrahlen</li><li>Staub</li><li>Insekten</li><li>Feuchtigkeit</li></ul><br><p>Es gibt zwei Typen an Helmschildern:</p><ul><li>Blende : vor den Augen, auf einem Integral- und Klapphelm</li><li>Kappe : auf Höhe der Stirn, auf Cross und Jethelmen</li></ul>																								
80560		Helmschild Jdp Schwarz/Or																											<p>Helmschild für Acerbis	Helmschild Jdp Schwarz/Or<p>Schützt vor:</p><ul><li>Blendung durch Sonnenstrahlen</li><li>Staub</li><li>Insekten</li><li>Feuchtigkeit</li></ul><br><p>Es gibt zwei Typen an Helmschildern:</p><ul><li>Blende : vor den Augen, auf einem Integral- und Klapphelm</li><li>Kappe : auf Höhe der Stirn, auf Cross und Jethelmen</li></ul>																								
80561		Lining Helmet X-Fiber Inquisitor 																												<p>Helminnenfutter für Lining X-Fiber Inquisitor</p>																								
80562		Lining Helmet X-Fiber White/Gold 																												<p>Helminnenfutter für Lining X-Fiber</p>																								
80563		Lining Helmet X-Fiber Black/Gold 																												<p>Helminnenfutter für Lining X-Fiber</p>																								
80564		Helmschild Impact Gp Orange																											<p>Helmschild für Acerbis	Helmschild Impact Gp Orange<p>Schützt vor:</p><ul><li>Blendung durch Sonnenstrahlen</li><li>Staub</li><li>Insekten</li><li>Feuchtigkeit</li></ul><br><p>Es gibt zwei Typen an Helmschildern:</p><ul><li>Blende : vor den Augen, auf einem Integral- und Klapphelm</li><li>Kappe : auf Höhe der Stirn, auf Cross und Jethelmen</li></ul>																								
80565		Helmschild Impact Gp Blau																											<p>Helmschild für Acerbis	Helmschild Impact Gp Blau<p>Schützt vor:</p><ul><li>Blendung durch Sonnenstrahlen</li><li>Staub</li><li>Insekten</li><li>Feuchtigkeit</li></ul><br><p>Es gibt zwei Typen an Helmschildern:</p><ul><li>Blende : vor den Augen, auf einem Integral- und Klapphelm</li><li>Kappe : auf Höhe der Stirn, auf Cross und Jethelmen</li></ul>																								
80566		Helmschild Impact Gp Schwarz																											<p>Helmschild für Acerbis	Helmschild Impact Gp Schwarz<p>Schützt vor:</p><ul><li>Blendung durch Sonnenstrahlen</li><li>Staub</li><li>Insekten</li><li>Feuchtigkeit</li></ul><br><p>Es gibt zwei Typen an Helmschildern:</p><ul><li>Blende : vor den Augen, auf einem Integral- und Klapphelm</li><li>Kappe : auf Höhe der Stirn, auf Cross und Jethelmen</li></ul>																								
80567		Helm Zeboo Jr. Orange/Grün Taille 050																											<p>Helmschild für Acerbis	Helm Zeboo Jr. Orange/Grün Taille 050<p>Schützt vor:</p><ul><li>Blendung durch Sonnenstrahlen</li><li>Staub</li><li>Insekten</li><li>Feuchtigkeit</li></ul><br><p>Es gibt zwei Typen an Helmschildern:</p><ul><li>Blende : vor den Augen, auf einem Integral- und Klapphelm</li><li>Kappe : auf Höhe der Stirn, auf Cross und Jethelmen</li></ul>																								
80568		Helm Zeboo Jr. Orange/Grün Taille 050																											<p>Helmschild für Acerbis	Helm Zeboo Jr. Orange/Grün Taille 050<p>Schützt vor:</p><ul><li>Blendung durch Sonnenstrahlen</li><li>Staub</li><li>Insekten</li><li>Feuchtigkeit</li></ul><br><p>Es gibt zwei Typen an Helmschildern:</p><ul><li>Blende : vor den Augen, auf einem Integral- und Klapphelm</li><li>Kappe : auf Höhe der Stirn, auf Cross und Jethelmen</li></ul>																								
80569		Helmschild On-Way Orange																											<p>Helmschild für Acerbis	Helmschild On-Way Orange<p>Schützt vor:</p><ul><li>Blendung durch Sonnenstrahlen</li><li>Staub</li><li>Insekten</li><li>Feuchtigkeit</li></ul><br><p>Es gibt zwei Typen an Helmschildern:</p><ul><li>Blende : vor den Augen, auf einem Integral- und Klapphelm</li><li>Kappe : auf Höhe der Stirn, auf Cross und Jethelmen</li></ul>																								
80570		Helmschild On-Way Orange																											<p>Helmschild für Acerbis	Helmschild On-Way Orange<p>Schützt vor:</p><ul><li>Blendung durch Sonnenstrahlen</li><li>Staub</li><li>Insekten</li><li>Feuchtigkeit</li></ul><br><p>Es gibt zwei Typen an Helmschildern:</p><ul><li>Blende : vor den Augen, auf einem Integral- und Klapphelm</li><li>Kappe : auf Höhe der Stirn, auf Cross und Jethelmen</li></ul>																								
80571		Helmschild On-Way Weiss																											<p>Helmschild für Acerbis	Helmschild On-Way Weiss<p>Schützt vor:</p><ul><li>Blendung durch Sonnenstrahlen</li><li>Staub</li><li>Insekten</li><li>Feuchtigkeit</li></ul><br><p>Es gibt zwei Typen an Helmschildern:</p><ul><li>Blende : vor den Augen, auf einem Integral- und Klapphelm</li><li>Kappe : auf Höhe der Stirn, auf Cross und Jethelmen</li></ul>																								
80572		Helmschild On-Way Schwarz																											<p>Helmschild für Acerbis	Helmschild On-Way Schwarz<p>Schützt vor:</p><ul><li>Blendung durch Sonnenstrahlen</li><li>Staub</li><li>Insekten</li><li>Feuchtigkeit</li></ul><br><p>Es gibt zwei Typen an Helmschildern:</p><ul><li>Blende : vor den Augen, auf einem Integral- und Klapphelm</li><li>Kappe : auf Höhe der Stirn, auf Cross und Jethelmen</li></ul>																								
80573		Helmschild On-Way Rot																											<p>Helmschild für Acerbis	Helmschild On-Way Rot<p>Schützt vor:</p><ul><li>Blendung durch Sonnenstrahlen</li><li>Staub</li><li>Insekten</li><li>Feuchtigkeit</li></ul><br><p>Es gibt zwei Typen an Helmschildern:</p><ul><li>Blende : vor den Augen, auf einem Integral- und Klapphelm</li><li>Kappe : auf Höhe der Stirn, auf Cross und Jethelmen</li></ul>																								
80574		Helmschild X-Fiber Shaken Ti Schwarz/Rot																											<p>Helmschild für Acerbis	Helmschild X-Fiber Shaken Ti Schwarz/Rot<p>Schützt vor:</p><ul><li>Blendung durch Sonnenstrahlen</li><li>Staub</li><li>Insekten</li><li>Feuchtigkeit</li></ul><br><p>Es gibt zwei Typen an Helmschildern:</p><ul><li>Blende : vor den Augen, auf einem Integral- und Klapphelm</li><li>Kappe : auf Höhe der Stirn, auf Cross und Jethelmen</li></ul>																								
80575		Helmschild Inquisitor Ti Weiss/Schwarz																											<p>Helmschild für Acerbis	Helmschild Inquisitor Ti Weiss/Schwarz<p>Schützt vor:</p><ul><li>Blendung durch Sonnenstrahlen</li><li>Staub</li><li>Insekten</li><li>Feuchtigkeit</li></ul><br><p>Es gibt zwei Typen an Helmschildern:</p><ul><li>Blende : vor den Augen, auf einem Integral- und Klapphelm</li><li>Kappe : auf Höhe der Stirn, auf Cross und Jethelmen</li></ul>																								
80576		Helmschild On-Way Gambler Weiss																											<p>Helmschild für Acerbis	Helmschild On-Way Gambler Weiss<p>Schützt vor:</p><ul><li>Blendung durch Sonnenstrahlen</li><li>Staub</li><li>Insekten</li><li>Feuchtigkeit</li></ul><br><p>Es gibt zwei Typen an Helmschildern:</p><ul><li>Blende : vor den Augen, auf einem Integral- und Klapphelm</li><li>Kappe : auf Höhe der Stirn, auf Cross und Jethelmen</li></ul>																								
80577		Helmschild On-Way Condor Blau																											<p>Helmschild für Acerbis	Helmschild On-Way Condor Blau<p>Schützt vor:</p><ul><li>Blendung durch Sonnenstrahlen</li><li>Staub</li><li>Insekten</li><li>Feuchtigkeit</li></ul><br><p>Es gibt zwei Typen an Helmschildern:</p><ul><li>Blende : vor den Augen, auf einem Integral- und Klapphelm</li><li>Kappe : auf Höhe der Stirn, auf Cross und Jethelmen</li></ul>																								
80578		Helmschild Graffex Junior																											<p>Helmschild für Acerbis	Helmschild Graffex Junior<p>Schützt vor:</p><ul><li>Blendung durch Sonnenstrahlen</li><li>Staub</li><li>Insekten</li><li>Feuchtigkeit</li></ul><br><p>Es gibt zwei Typen an Helmschildern:</p><ul><li>Blende : vor den Augen, auf einem Integral- und Klapphelm</li><li>Kappe : auf Höhe der Stirn, auf Cross und Jethelmen</li></ul>																								
80579		Helmschild Master Burner Junior																											<p>Helmschild für Acerbis	Helmschild Master Burner Junior<p>Schützt vor:</p><ul><li>Blendung durch Sonnenstrahlen</li><li>Staub</li><li>Insekten</li><li>Feuchtigkeit</li></ul><br><p>Es gibt zwei Typen an Helmschildern:</p><ul><li>Blende : vor den Augen, auf einem Integral- und Klapphelm</li><li>Kappe : auf Höhe der Stirn, auf Cross und Jethelmen</li></ul>																								
80580		Innenfutter Acerbis Helm X-Fiber 035																												<p>Helminnenfutter für Acerbis</p>																								
80581		Helmschild Fiber Full White																											<p>Helmschild für Acerbis	Helmschild Fiber Full White<p>Schützt vor:</p><ul><li>Blendung durch Sonnenstrahlen</li><li>Staub</li><li>Insekten</li><li>Feuchtigkeit</li></ul><br><p>Es gibt zwei Typen an Helmschildern:</p><ul><li>Blende : vor den Augen, auf einem Integral- und Klapphelm</li><li>Kappe : auf Höhe der Stirn, auf Cross und Jethelmen</li></ul>																								
80582		Helmschild Fiber Strip																											<p>Helmschild für Acerbis	Helmschild Fiber Strip<p>Schützt vor:</p><ul><li>Blendung durch Sonnenstrahlen</li><li>Staub</li><li>Insekten</li><li>Feuchtigkeit</li></ul><br><p>Es gibt zwei Typen an Helmschildern:</p><ul><li>Blende : vor den Augen, auf einem Integral- und Klapphelm</li><li>Kappe : auf Höhe der Stirn, auf Cross und Jethelmen</li></ul>																								
80583		Helmschild Fiber Ghegna																											<p>Helmschild für Acerbis	Helmschild Fiber Ghegna<p>Schützt vor:</p><ul><li>Blendung durch Sonnenstrahlen</li><li>Staub</li><li>Insekten</li><li>Feuchtigkeit</li></ul><br><p>Es gibt zwei Typen an Helmschildern:</p><ul><li>Blende : vor den Augen, auf einem Integral- und Klapphelm</li><li>Kappe : auf Höhe der Stirn, auf Cross und Jethelmen</li></ul>																								
80584		Helmschild Fiber Gang																											<p>Helmschild für Acerbis	Helmschild Fiber Gang<p>Schützt vor:</p><ul><li>Blendung durch Sonnenstrahlen</li><li>Staub</li><li>Insekten</li><li>Feuchtigkeit</li></ul><br><p>Es gibt zwei Typen an Helmschildern:</p><ul><li>Blende : vor den Augen, auf einem Integral- und Klapphelm</li><li>Kappe : auf Höhe der Stirn, auf Cross und Jethelmen</li></ul>																								
80585		Helmschild Fiber Atomik																											<p>Helmschild für Acerbis	Helmschild Fiber Atomik<p>Schützt vor:</p><ul><li>Blendung durch Sonnenstrahlen</li><li>Staub</li><li>Insekten</li><li>Feuchtigkeit</li></ul><br><p>Es gibt zwei Typen an Helmschildern:</p><ul><li>Blende : vor den Augen, auf einem Integral- und Klapphelm</li><li>Kappe : auf Höhe der Stirn, auf Cross und Jethelmen</li></ul>																								
80586		Helmschild Fiber Atomik																											<p>Helmschild für Acerbis	Helmschild Fiber Atomik<p>Schützt vor:</p><ul><li>Blendung durch Sonnenstrahlen</li><li>Staub</li><li>Insekten</li><li>Feuchtigkeit</li></ul><br><p>Es gibt zwei Typen an Helmschildern:</p><ul><li>Blende : vor den Augen, auf einem Integral- und Klapphelm</li><li>Kappe : auf Höhe der Stirn, auf Cross und Jethelmen</li></ul>																								
80587		Helmschild Fiber Atomik																											<p>Helmschild für Acerbis	Helmschild Fiber Atomik<p>Schützt vor:</p><ul><li>Blendung durch Sonnenstrahlen</li><li>Staub</li><li>Insekten</li><li>Feuchtigkeit</li></ul><br><p>Es gibt zwei Typen an Helmschildern:</p><ul><li>Blende : vor den Augen, auf einem Integral- und Klapphelm</li><li>Kappe : auf Höhe der Stirn, auf Cross und Jethelmen</li></ul>																								
80588		Helmschild Profile Revolution																											<p>Helmschild für Acerbis	Helmschild Profile Revolution<p>Schützt vor:</p><ul><li>Blendung durch Sonnenstrahlen</li><li>Staub</li><li>Insekten</li><li>Feuchtigkeit</li></ul><br><p>Es gibt zwei Typen an Helmschildern:</p><ul><li>Blende : vor den Augen, auf einem Integral- und Klapphelm</li><li>Kappe : auf Höhe der Stirn, auf Cross und Jethelmen</li></ul>																								
80589		Helmschild Profile Fanatic																											<p>Helmschild für Acerbis	Helmschild Profile Fanatic<p>Schützt vor:</p><ul><li>Blendung durch Sonnenstrahlen</li><li>Staub</li><li>Insekten</li><li>Feuchtigkeit</li></ul><br><p>Es gibt zwei Typen an Helmschildern:</p><ul><li>Blende : vor den Augen, auf einem Integral- und Klapphelm</li><li>Kappe : auf Höhe der Stirn, auf Cross und Jethelmen</li></ul>																								
80590		Helmschild X-Pro Orange																											<p>Helmschild für Acerbis	Helmschild X-Pro Orange<p>Schützt vor:</p><ul><li>Blendung durch Sonnenstrahlen</li><li>Staub</li><li>Insekten</li><li>Feuchtigkeit</li></ul><br><p>Es gibt zwei Typen an Helmschildern:</p><ul><li>Blende : vor den Augen, auf einem Integral- und Klapphelm</li><li>Kappe : auf Höhe der Stirn, auf Cross und Jethelmen</li></ul>																								
80591		Helmschild X-Pro Full White																											<p>Helmschild für Acerbis	Helmschild X-Pro Full White<p>Schützt vor:</p><ul><li>Blendung durch Sonnenstrahlen</li><li>Staub</li><li>Insekten</li><li>Feuchtigkeit</li></ul><br><p>Es gibt zwei Typen an Helmschildern:</p><ul><li>Blende : vor den Augen, auf einem Integral- und Klapphelm</li><li>Kappe : auf Höhe der Stirn, auf Cross und Jethelmen</li></ul>																								
80592		Helmschild X-Pro Blue																											<p>Helmschild für Acerbis	Helmschild X-Pro Blue<p>Schützt vor:</p><ul><li>Blendung durch Sonnenstrahlen</li><li>Staub</li><li>Insekten</li><li>Feuchtigkeit</li></ul><br><p>Es gibt zwei Typen an Helmschildern:</p><ul><li>Blende : vor den Augen, auf einem Integral- und Klapphelm</li><li>Kappe : auf Höhe der Stirn, auf Cross und Jethelmen</li></ul>																								
80593		Helmschild X-Pro Fluo																											<p>Helmschild für Acerbis	Helmschild X-Pro Fluo<p>Schützt vor:</p><ul><li>Blendung durch Sonnenstrahlen</li><li>Staub</li><li>Insekten</li><li>Feuchtigkeit</li></ul><br><p>Es gibt zwei Typen an Helmschildern:</p><ul><li>Blende : vor den Augen, auf einem Integral- und Klapphelm</li><li>Kappe : auf Höhe der Stirn, auf Cross und Jethelmen</li></ul>																								
80594		Helmschild X-Pro White/Black																											<p>Helmschild für Acerbis	Helmschild X-Pro White/Black<p>Schützt vor:</p><ul><li>Blendung durch Sonnenstrahlen</li><li>Staub</li><li>Insekten</li><li>Feuchtigkeit</li></ul><br><p>Es gibt zwei Typen an Helmschildern:</p><ul><li>Blende : vor den Augen, auf einem Integral- und Klapphelm</li><li>Kappe : auf Höhe der Stirn, auf Cross und Jethelmen</li></ul>																								
80595		Helmschild X-Pro Brush																											<p>Helmschild für Acerbis	Helmschild X-Pro Brush<p>Schützt vor:</p><ul><li>Blendung durch Sonnenstrahlen</li><li>Staub</li><li>Insekten</li><li>Feuchtigkeit</li></ul><br><p>Es gibt zwei Typen an Helmschildern:</p><ul><li>Blende : vor den Augen, auf einem Integral- und Klapphelm</li><li>Kappe : auf Höhe der Stirn, auf Cross und Jethelmen</li></ul>																								
80596		Helmschild X-Pro Savatage																											<p>Helmschild für Acerbis	Helmschild X-Pro Savatage<p>Schützt vor:</p><ul><li>Blendung durch Sonnenstrahlen</li><li>Staub</li><li>Insekten</li><li>Feuchtigkeit</li></ul><br><p>Es gibt zwei Typen an Helmschildern:</p><ul><li>Blende : vor den Augen, auf einem Integral- und Klapphelm</li><li>Kappe : auf Höhe der Stirn, auf Cross und Jethelmen</li></ul>																								
80597		Helmschild Profile Basic																											<p>Helmschild für Acerbis	Helmschild Profile Basic<p>Schützt vor:</p><ul><li>Blendung durch Sonnenstrahlen</li><li>Staub</li><li>Insekten</li><li>Feuchtigkeit</li></ul><br><p>Es gibt zwei Typen an Helmschildern:</p><ul><li>Blende : vor den Augen, auf einem Integral- und Klapphelm</li><li>Kappe : auf Höhe der Stirn, auf Cross und Jethelmen</li></ul>																								
80598		Helmschild Fiber Orange																											<p>Helmschild für Acerbis	Helmschild Fiber Orange<p>Schützt vor:</p><ul><li>Blendung durch Sonnenstrahlen</li><li>Staub</li><li>Insekten</li><li>Feuchtigkeit</li></ul><br><p>Es gibt zwei Typen an Helmschildern:</p><ul><li>Blende : vor den Augen, auf einem Integral- und Klapphelm</li><li>Kappe : auf Höhe der Stirn, auf Cross und Jethelmen</li></ul>																								
80599		Helmschild Fiber Blue																											<p>Helmschild für Acerbis	Helmschild Fiber Blue<p>Schützt vor:</p><ul><li>Blendung durch Sonnenstrahlen</li><li>Staub</li><li>Insekten</li><li>Feuchtigkeit</li></ul><br><p>Es gibt zwei Typen an Helmschildern:</p><ul><li>Blende : vor den Augen, auf einem Integral- und Klapphelm</li><li>Kappe : auf Höhe der Stirn, auf Cross und Jethelmen</li></ul>																								
80600		Helmschild Fiber Black																											<p>Helmschild für Acerbis	Helmschild Fiber Black<p>Schützt vor:</p><ul><li>Blendung durch Sonnenstrahlen</li><li>Staub</li><li>Insekten</li><li>Feuchtigkeit</li></ul><br><p>Es gibt zwei Typen an Helmschildern:</p><ul><li>Blende : vor den Augen, auf einem Integral- und Klapphelm</li><li>Kappe : auf Höhe der Stirn, auf Cross und Jethelmen</li></ul>																								
80601		Helmschild Fiber Red																											<p>Helmschild für Acerbis	Helmschild Fiber Red<p>Schützt vor:</p><ul><li>Blendung durch Sonnenstrahlen</li><li>Staub</li><li>Insekten</li><li>Feuchtigkeit</li></ul><br><p>Es gibt zwei Typen an Helmschildern:</p><ul><li>Blende : vor den Augen, auf einem Integral- und Klapphelm</li><li>Kappe : auf Höhe der Stirn, auf Cross und Jethelmen</li></ul>																								
80602		Helmschild Fiber Full White																											<p>Helmschild für Acerbis	Helmschild Fiber Full White<p>Schützt vor:</p><ul><li>Blendung durch Sonnenstrahlen</li><li>Staub</li><li>Insekten</li><li>Feuchtigkeit</li></ul><br><p>Es gibt zwei Typen an Helmschildern:</p><ul><li>Blende : vor den Augen, auf einem Integral- und Klapphelm</li><li>Kappe : auf Höhe der Stirn, auf Cross und Jethelmen</li></ul>																								
80603		Helmschild Fiber Rave																											<p>Helmschild für Acerbis	Helmschild Fiber Rave<p>Schützt vor:</p><ul><li>Blendung durch Sonnenstrahlen</li><li>Staub</li><li>Insekten</li><li>Feuchtigkeit</li></ul><br><p>Es gibt zwei Typen an Helmschildern:</p><ul><li>Blende : vor den Augen, auf einem Integral- und Klapphelm</li><li>Kappe : auf Höhe der Stirn, auf Cross und Jethelmen</li></ul>																								
80604		Helmschild Fiber All Stars																											<p>Helmschild für Acerbis	Helmschild Fiber All Stars<p>Schützt vor:</p><ul><li>Blendung durch Sonnenstrahlen</li><li>Staub</li><li>Insekten</li><li>Feuchtigkeit</li></ul><br><p>Es gibt zwei Typen an Helmschildern:</p><ul><li>Blende : vor den Augen, auf einem Integral- und Klapphelm</li><li>Kappe : auf Höhe der Stirn, auf Cross und Jethelmen</li></ul>																								
80605		Interieur Helmet Impact																												<p>Helminnenfutter für Helmet</p>																								
80606		Helmschild Impact Wishmaster																											<p>Helmschild für Acerbis	Helmschild Impact Wishmaster<p>Schützt vor:</p><ul><li>Blendung durch Sonnenstrahlen</li><li>Staub</li><li>Insekten</li><li>Feuchtigkeit</li></ul><br><p>Es gibt zwei Typen an Helmschildern:</p><ul><li>Blende : vor den Augen, auf einem Integral- und Klapphelm</li><li>Kappe : auf Höhe der Stirn, auf Cross und Jethelmen</li></ul>																								
80607		Helmschild Impact Razorblade																											<p>Helmschild für Acerbis	Helmschild Impact Razorblade<p>Schützt vor:</p><ul><li>Blendung durch Sonnenstrahlen</li><li>Staub</li><li>Insekten</li><li>Feuchtigkeit</li></ul><br><p>Es gibt zwei Typen an Helmschildern:</p><ul><li>Blende : vor den Augen, auf einem Integral- und Klapphelm</li><li>Kappe : auf Höhe der Stirn, auf Cross und Jethelmen</li></ul>																								
80608		Helmschild X-Pro Ulver																											<p>Helmschild für Acerbis	Helmschild X-Pro Ulver<p>Schützt vor:</p><ul><li>Blendung durch Sonnenstrahlen</li><li>Staub</li><li>Insekten</li><li>Feuchtigkeit</li></ul><br><p>Es gibt zwei Typen an Helmschildern:</p><ul><li>Blende : vor den Augen, auf einem Integral- und Klapphelm</li><li>Kappe : auf Höhe der Stirn, auf Cross und Jethelmen</li></ul>																								
80609		Helmschild X-Pro Werewolf																											<p>Helmschild für Acerbis	Helmschild X-Pro Werewolf<p>Schützt vor:</p><ul><li>Blendung durch Sonnenstrahlen</li><li>Staub</li><li>Insekten</li><li>Feuchtigkeit</li></ul><br><p>Es gibt zwei Typen an Helmschildern:</p><ul><li>Blende : vor den Augen, auf einem Integral- und Klapphelm</li><li>Kappe : auf Höhe der Stirn, auf Cross und Jethelmen</li></ul>																								
80610		Helmschild X-Pro Kraken																											<p>Helmschild für Acerbis	Helmschild X-Pro Kraken<p>Schützt vor:</p><ul><li>Blendung durch Sonnenstrahlen</li><li>Staub</li><li>Insekten</li><li>Feuchtigkeit</li></ul><br><p>Es gibt zwei Typen an Helmschildern:</p><ul><li>Blende : vor den Augen, auf einem Integral- und Klapphelm</li><li>Kappe : auf Höhe der Stirn, auf Cross und Jethelmen</li></ul>																								
80611		Helmschild Impact																											<p>Helmschild für Acerbis	Helmschild Impact<p>Schützt vor:</p><ul><li>Blendung durch Sonnenstrahlen</li><li>Staub</li><li>Insekten</li><li>Feuchtigkeit</li></ul><br><p>Es gibt zwei Typen an Helmschildern:</p><ul><li>Blende : vor den Augen, auf einem Integral- und Klapphelm</li><li>Kappe : auf Höhe der Stirn, auf Cross und Jethelmen</li></ul>																								
80612		Helmschild Carbon																											<p>Helmschild für Acerbis	Helmschild Carbon<p>Schützt vor:</p><ul><li>Blendung durch Sonnenstrahlen</li><li>Staub</li><li>Insekten</li><li>Feuchtigkeit</li></ul><br><p>Es gibt zwei Typen an Helmschildern:</p><ul><li>Blende : vor den Augen, auf einem Integral- und Klapphelm</li><li>Kappe : auf Höhe der Stirn, auf Cross und Jethelmen</li></ul>																								
80613		Helmschild Impact																											<p>Helmschild für Acerbis	Helmschild Impact<p>Schützt vor:</p><ul><li>Blendung durch Sonnenstrahlen</li><li>Staub</li><li>Insekten</li><li>Feuchtigkeit</li></ul><br><p>Es gibt zwei Typen an Helmschildern:</p><ul><li>Blende : vor den Augen, auf einem Integral- und Klapphelm</li><li>Kappe : auf Höhe der Stirn, auf Cross und Jethelmen</li></ul>																								
80614		Helmschild Impact																											<p>Helmschild für Acerbis	Helmschild Impact<p>Schützt vor:</p><ul><li>Blendung durch Sonnenstrahlen</li><li>Staub</li><li>Insekten</li><li>Feuchtigkeit</li></ul><br><p>Es gibt zwei Typen an Helmschildern:</p><ul><li>Blende : vor den Augen, auf einem Integral- und Klapphelm</li><li>Kappe : auf Höhe der Stirn, auf Cross und Jethelmen</li></ul>																								
80615		Helmschild Impact																											<p>Helmschild für Acerbis	Helmschild Impact<p>Schützt vor:</p><ul><li>Blendung durch Sonnenstrahlen</li><li>Staub</li><li>Insekten</li><li>Feuchtigkeit</li></ul><br><p>Es gibt zwei Typen an Helmschildern:</p><ul><li>Blende : vor den Augen, auf einem Integral- und Klapphelm</li><li>Kappe : auf Höhe der Stirn, auf Cross und Jethelmen</li></ul>																								
80616		Helmschild Impact																											<p>Helmschild für Acerbis	Helmschild Impact<p>Schützt vor:</p><ul><li>Blendung durch Sonnenstrahlen</li><li>Staub</li><li>Insekten</li><li>Feuchtigkeit</li></ul><br><p>Es gibt zwei Typen an Helmschildern:</p><ul><li>Blende : vor den Augen, auf einem Integral- und Klapphelm</li><li>Kappe : auf Höhe der Stirn, auf Cross und Jethelmen</li></ul>																								
80617		Helmschild Impact																											<p>Helmschild für Acerbis	Helmschild Impact<p>Schützt vor:</p><ul><li>Blendung durch Sonnenstrahlen</li><li>Staub</li><li>Insekten</li><li>Feuchtigkeit</li></ul><br><p>Es gibt zwei Typen an Helmschildern:</p><ul><li>Blende : vor den Augen, auf einem Integral- und Klapphelm</li><li>Kappe : auf Höhe der Stirn, auf Cross und Jethelmen</li></ul>																								
80618		Helmschild Impact Junior																											<p>Helmschild für Acerbis	Helmschild Impact Junior<p>Schützt vor:</p><ul><li>Blendung durch Sonnenstrahlen</li><li>Staub</li><li>Insekten</li><li>Feuchtigkeit</li></ul><br><p>Es gibt zwei Typen an Helmschildern:</p><ul><li>Blende : vor den Augen, auf einem Integral- und Klapphelm</li><li>Kappe : auf Höhe der Stirn, auf Cross und Jethelmen</li></ul>																								
80619		Helmschild Impact Junior																											<p>Helmschild für Acerbis	Helmschild Impact Junior<p>Schützt vor:</p><ul><li>Blendung durch Sonnenstrahlen</li><li>Staub</li><li>Insekten</li><li>Feuchtigkeit</li></ul><br><p>Es gibt zwei Typen an Helmschildern:</p><ul><li>Blende : vor den Augen, auf einem Integral- und Klapphelm</li><li>Kappe : auf Höhe der Stirn, auf Cross und Jethelmen</li></ul>																								
80620		Helmschild Kryptonite																											<p>Helmschild für Acerbis	Helmschild Kryptonite<p>Schützt vor:</p><ul><li>Blendung durch Sonnenstrahlen</li><li>Staub</li><li>Insekten</li><li>Feuchtigkeit</li></ul><br><p>Es gibt zwei Typen an Helmschildern:</p><ul><li>Blende : vor den Augen, auf einem Integral- und Klapphelm</li><li>Kappe : auf Höhe der Stirn, auf Cross und Jethelmen</li></ul>																								
80621		Evs 909 Hat Flex-Fit  One Size																												<ul><li>Kappe in Einheitsgrösse, schwarz Flex-Fit</li></ul>																								
80623		Abschlussgummi Helm Premier Vintage																											<p>Helmschild für Premier	Abschlussgummi Helm Premier Vintage<p>Schützt vor:</p><ul><li>Blendung durch Sonnenstrahlen</li><li>Staub</li><li>Insekten</li><li>Feuchtigkeit</li></ul><br><p>Es gibt zwei Typen an Helmschildern:</p><ul><li>Blende : vor den Augen, auf einem Integral- und Klapphelm</li><li>Kappe : auf Höhe der Stirn, auf Cross und Jethelmen</li></ul>																								
80624		Helmschild Premier Ares																											<p>Helmschild für Premier	Helmschild Premier Ares<p>Schützt vor:</p><ul><li>Blendung durch Sonnenstrahlen</li><li>Staub</li><li>Insekten</li><li>Feuchtigkeit</li></ul><br><p>Es gibt zwei Typen an Helmschildern:</p><ul><li>Blende : vor den Augen, auf einem Integral- und Klapphelm</li><li>Kappe : auf Höhe der Stirn, auf Cross und Jethelmen</li></ul>																								
80625		Helmschild Premier Free 																											<p>Helmschild für Premier	Helmschild Premier Free <p>Schützt vor:</p><ul><li>Blendung durch Sonnenstrahlen</li><li>Staub</li><li>Insekten</li><li>Feuchtigkeit</li></ul><br><p>Es gibt zwei Typen an Helmschildern:</p><ul><li>Blende : vor den Augen, auf einem Integral- und Klapphelm</li><li>Kappe : auf Höhe der Stirn, auf Cross und Jethelmen</li></ul>																								
80626		Helmtrockner Sd-Dry																												<ul><li>Leistungsstarker Dry Blower</li><li>Umgebungstemperatur oder beheizbar bis 57º C</li><li>programmierbarer 180 Minuten-Timer</li><li>automatischer Abschaltmechanismus</li><li>Ozon Anreicherung zur Beseitigung von Bakterien und schlechten Gerüchen</li></ul>																								
80627		Helmschild Acerbis Blau																																																				
80628		Helmschild Acerbis Schwarz																																																				
80630		Helmschild Junior Profile																																																				
80632		Visier M.Robert 																											MR202 - KLAR 																									
80633		Mr 202 Z8 Weiss/Schwarz																											JETHELM/SONNENVISIER 																									
80634		Mr 215 Helm Jet/Sonnenvisier																																																				
80635		Visier M.Robert 																											MR215 - KLAR 																									
80636		Visier M.Robert 																											MR215 - GETÖNT																									
80637		Visier M.Robert 																											MR312 - KLAR 																									
80638		Visier M.Robert 																											MR313 - KLAR 																									
80639		Tucano Wb Jet Under-Helmet																												<ul><li>Farbe: Schwarz</li><li>Marerial: 100 % Seide</li></ul>																								
