ID	Active (0/1)	Name *	Categories (x,y,z...)	Price tax excluded or Price tax included	Tax rules ID	Wholesale price	On sale (0/1)	Discount amount	Discount percent	Discount from (yyyy-mm-dd)	Discount to (yyyy-mm-dd)	Reference #	Supplier reference #	Supplier	Manufacturer	EAN13	UPC	Ecotax	Width	Height	Depth	Weight	Quantity	Minimal quantity	Visibility	Additional shipping cost	Unity	Unit price	Short description	Description	Tags (x,y,z...)	Meta title	Meta keywords	Meta description	URL rewritten	Text when in stock	Text when backorder allowed	Available for order (0 = No, 1 = Yes)	Product available date	Product creation date	Show price (0 = No, 1 = Yes)	Image_URLs_(x,y,z...)	Delete existing images (0 = No, 1 = Yes)	Feature(Name:Value:Position)	Available online only (0 = No, 1 = Yes)	Condition	Customizable (0 = No, 1 = Yes)	Uploadable files (0 = No, 1 = Yes)	Text fields (0 = No, 1 = Yes)	Out of stock	ID / Name of shop	Advanced stock management	Depends On Stock	Warehouse
83569	1	MGD FF320 Stream Lux - rose	447	230.5555556	1	92.22222222	1					MGD 3152012-20	MGD 3152012-20	Mototrend	LS2								0	0					Casque intégral moderne pour le motard sportif, en tri-composite fibre de verre / kevlar / carbone. Le casque avec la plus grande visibilité sur le marché actuellement, pour une sécurité accrue, aussi grâce aux trois tailles de calottes. Mousses de joues ergonomiques, découpées au laser pour un port optimal.	<br><p><strong>FF320 Stream Lux - rose</p></strong>Casque moto intégral avec une coque en thermoplastique injecté<br><p><strong>Coques</p></strong><ul><li>coques en HTTP-resin (high pressure thermoplastic technology)</li></ul><br><p><strong>Homologation</p></strong><ul><li>ECE22-05 </li></ul><br><p><strong>Visière</p></strong><ul><li>démontage rapide de la visière ultra-quick-release (SR2S)</li><li>Ecran traité anti-rayures et anti-UV, prédisposé Pinlock et Tear-Off</li></ul><br><p><strong>Ventilation</p></strong><ul><li>Nombreuses ventilations réglables permettant une circulation de l'air optimale</li></ul><br><p><strong>Doublure</p></strong><ul><li>doublure entièrement démontable et lavable</li><li>Système de gonflage des mousses (Air-go) pour épouser au mieux votre visage</li></ul><br><p><strong>Femeture</p></strong><ul><li>Jugulaire à fermeture par boucle micrométrique</li></ul>						En Stock	Disponibilité : Délai sur demande	1	24.06.2016	24.06.2016	1		0	Couleur:rose:1,Type de casque:Intégral:2,Genre:Adultes:3,Coque:HTTP-resin (high pressure thermoplastic technology):4,Ecran anti-buée:Non:5,Cache-nez:Oui:6,Double écran solaire:Non:7,Intérieur démontable et lavable:Oui:8,Livré avec une housse:Oui:9,Ecran anti-rayures:oui:10,Jugulaire:Boucle micrométrique:11	0	new	0	0	0	0	0	0	0	0
83570	1	MGD FF320 Stream Omega - bleu	447	230.5555556	1	92.22222222	1					MGD 3152010-3	MGD 3152010-3	Mototrend	LS2								0	0					0	0						En Stock	Disponibilité : Délai sur demande	1	24.06.2016	24.06.2016	1		0	0	0	new	0	0	0	0	0	0	0	0
83571	1	MGD FF320 Stream solid - noir mat	447	202.7777778	1	81.11111111	1					MGD 3152015-11	MGD 3152015-11	Mototrend	LS2								0	0					0	0						En Stock	Disponibilité : Délai sur demande	1	24.06.2016	24.06.2016	1		0	0	0	new	0	0	0	0	0	0	0	0
83572	1	MGD FF322 Concept II Air Fighter - vert mat	447	175	1	70	1					MGD 3152000-15	MGD 3152000-15	Mototrend	LS2								0	0					Casque intégral en polycarbonate avec système pare-soleil intégré et système de pompe AirGo pour un port ajusté et un confort maximal	"<br><p><strong>FF322</p></strong> Casque intégral en polycarbonate avec système pare-soleil intégré et système de pompe AirGo pour un port ajusté et un confort maximal<br><p><strong>Coques</p></strong><ul><li>coques en HTTP-resin (high pressure thermoplastic technology)</li></ul><br><p><strong>Homologation</p></strong><ul><li>ECE22-05 </li></ul><br><p><strong>Visière</p></strong><ul><li>démontage rapide de la visière ultra-quick-release (SR2S); visière pinlock ready</li></ul><br><p><strong>Ventilation</p></strong><ul><li>système d’aération dynamique</li></ul><br><p><strong>Doublure</p></strong><ul><li>doublure antibactérienne entièrement démontable et lavable</li></ul>"						En Stock	Disponibilité : Délai sur demande	1	24.06.2016	24.06.2016	1	https://www.motogoodeal.ch/img/import/test/03152000-15.jpg	0	Couleur:vert mat:1,Type de casque:Intégral:2,Genre:Adultes:3,Coque:HTTP-resin (high pressure thermoplastic technology):4,Ecran anti-buée:Non:5,Cache-nez:Oui:6,Double écran solaire:Non:7,Intérieur démontable et lavable:Oui:8,Livré avec une housse:Oui:9,Ecran anti-rayures:Non:10,Jugulaire:Boucle micrométrique:11	0	new	0	0	0	0	0	0	0	0
83573	1	MGD FF322 Concept II Air Fighter - rouge	447	175	1	70	1					MGD 3152000-2	MGD 3152000-2	Mototrend	LS2								0	0					Casque intégral en polycarbonate avec système pare-soleil intégré et système de pompe AirGo pour un port ajusté et un confort maximal	"<br><p><strong>FF322</p></strong> Casque intégral en polycarbonate avec système pare-soleil intégré et système de pompe AirGo pour un port ajusté et un confort maximal<br><p><strong>Coques</p></strong><ul><li>coques en HTTP-resin (high pressure thermoplastic technology)</li></ul><br><p><strong>Homologation</p></strong><ul><li>ECE22-05 </li></ul><br><p><strong>Visière</p></strong><ul><li>démontage rapide de la visière ultra-quick-release (SR2S); visière pinlock ready</li></ul><br><p><strong>Ventilation</p></strong><ul><li>système d’aération dynamique</li></ul><br><p><strong>Doublure</p></strong><ul><li>doublure antibactérienne entièrement démontable et lavable</li></ul>"						En Stock	Disponibilité : Délai sur demande	1	24.06.2016	24.06.2016	1	https://www.motogoodeal.ch/img/import/test/03152000-02.jpg	0	Couleur:rouge:1,Type de casque:Intégral:2,Genre:Adultes:3,Coque:HTTP-resin (high pressure thermoplastic technology):4,Ecran anti-buée:Non:5,Cache-nez:Oui:6,Double écran solaire:Non:7,Intérieur démontable et lavable:Oui:8,Livré avec une housse:Oui:9,Ecran anti-rayures:Non:10,Jugulaire:Boucle micrométrique:11	0	new	0	0	0	0	0	0	0	0
83574	1	MGD FF322 Concept II Air Fighter - blanc	447	175	1	70	1					MGD 3152000-10	MGD 3152000-10	Mototrend	LS2								0	0					Casque intégral en polycarbonate avec système pare-soleil intégré et système de pompe AirGo pour un port ajusté et un confort maximal	"<br><p><strong>FF322</p></strong> Casque intégral en polycarbonate avec système pare-soleil intégré et système de pompe AirGo pour un port ajusté et un confort maximal<br><p><strong>Coques</p></strong><ul><li>coques en HTTP-resin (high pressure thermoplastic technology)</li></ul><br><p><strong>Homologation</p></strong><ul><li>ECE22-05 </li></ul><br><p><strong>Visière</p></strong><ul><li>démontage rapide de la visière ultra-quick-release (SR2S); visière pinlock ready</li></ul><br><p><strong>Ventilation</p></strong><ul><li>système d’aération dynamique</li></ul><br><p><strong>Doublure</p></strong><ul><li>doublure antibactérienne entièrement démontable et lavable</li></ul>"						En Stock	Disponibilité : Délai sur demande	1	24.06.2016	24.06.2016	1	https://www.motogoodeal.ch/img/import/test/03152000-10.jpg	0	Couleur:blanc:1,Type de casque:Intégral:2,Genre:Adultes:3,Coque:HTTP-resin (high pressure thermoplastic technology):4,Ecran anti-buée:Non:5,Cache-nez:Oui:6,Double écran solaire:Non:7,Intérieur démontable et lavable:Oui:8,Livré avec une housse:Oui:9,Ecran anti-rayures:Non:10,Jugulaire:Boucle micrométrique:11	0	new	0	0	0	0	0	0	0	0
83575	1	MGD FF322 Concept II solid - noir mat	447	156.4814815	1	62.59259259	1					MGD 3141000-11	MGD 3141000-11	Mototrend	LS2								0	0					Casque intégral en polycarbonate avec système pare-soleil intégré et système de pompe AirGo pour un port ajusté et un confort maximal	"<br><p><strong>FF322</p></strong> Casque intégral en polycarbonate avec système pare-soleil intégré et système de pompe AirGo pour un port ajusté et un confort maximal<br><p><strong>Coques</p></strong><ul><li>coques en HTTP-resin (high pressure thermoplastic technology)</li></ul><br><p><strong>Homologation</p></strong><ul><li>ECE22-05 </li></ul><br><p><strong>Visière</p></strong><ul><li>démontage rapide de la visière ultra-quick-release (SR2S); visière pinlock ready</li></ul><br><p><strong>Ventilation</p></strong><ul><li>système d’aération dynamique</li></ul><br><p><strong>Doublure</p></strong><ul><li>doublure antibactérienne entièrement démontable et lavable</li></ul>"						En Stock	Disponibilité : Délai sur demande	1	24.06.2016	24.06.2016	1	https://www.motogoodeal.ch/img/import/test/03141000-11.jpg	0	Couleur:noir mat:1,Type de casque:Intégral:2,Genre:Adultes:3,Coque:HTTP-resin (high pressure thermoplastic technology):4,Ecran anti-buée:Non:5,Cache-nez:Oui:6,Double écran solaire:Non:7,Intérieur démontable et lavable:Oui:8,Livré avec une housse:Oui:9,Ecran anti-rayures:Non:10,Jugulaire:Boucle micrométrique:11	0	new	0	0	0	0	0	0	0	0
83576	1	MGD FF323 Arrow R Comet - blanc	447	387.962963	1	155.1851852	1					MGD 3150010-10	MGD 3150010-10	Mototrend	LS2								0	0					Casque intégral moderne pour le motard sportif, en tri-composite fibre de verre / kevlar / carbone. Le casque avec la plus grande visibilité sur le marché actuellement, pour une sécurité accrue, aussi grâce aux trois tailles de calottes. Mousses de joues ergonomiques, découpées au laser pour un port optimal.	<br><p><strong>FF323 Arrow R Comet - blanc</p></strong>Casque intégral en fibre de verre, kevlar et carbone<br><p><strong>Coques</p></strong><ul><li>coques en HTTP-resin (high pressure thermoplastic technology)</li></ul><br><p><strong>Homologation</p></strong><ul><li>ECE22-05 </li></ul><br><p><strong>Visière</p></strong><ul><li>Démontage rapide de la visière ultra-quick-release</li></ul><br><ul><li>Système de pompe AirGo</li></ul><br><p><strong>Doublure</p></strong><ul><li>Doublure antibactérienne entièrement démontable et lavable</li></ul><br><p><strong>Écran</p></strong><ul><li>Écran Pinlock inclus</li></ul>						En Stock	Disponibilité : Délai sur demande	1	24.06.2016	24.06.2016	1	https://www.motogoodeal.ch/img/import/test/03150010-10.jpg	0	Couleur:blanc:1,Type de casque:Intégral:2,Genre:Adultes:3,Coque:HTTP-resin (high pressure thermoplastic technology):4,Ecran anti-buée:Non:5,Cache-nez:Oui:6,Double écran solaire:Non:7,Intérieur démontable et lavable:Oui:8,Livré avec une housse:Oui:9,Ecran anti-rayures:Non:10,Jugulaire:Double-D:11	0	new	0	0	0	0	0	0	0	0
83577	1	MGD FF323 Arrow R Ion - vert	447	387.962963	1	155.1851852	1					MGD 3160010-5	MGD 3160010-5	Mototrend	LS2								0	0					Casque intégral moderne pour le motard sportif, en tri-composite fibre de verre / kevlar / carbone. Le casque avec la plus grande visibilité sur le marché actuellement, pour une sécurité accrue, aussi grâce aux trois tailles de calottes. Mousses de joues ergonomiques, découpées au laser pour un port optimal.	<br><p><strong>FF323 Arrow R Ion - vert</p></strong>Casque intégral en fibre de verre, kevlar et carbone<br><p><strong>Coques</p></strong><ul><li>coques en HTTP-resin (high pressure thermoplastic technology)</li></ul><br><p><strong>Homologation</p></strong><ul><li>ECE22-05 </li></ul><br><p><strong>Visière</p></strong><ul><li>Démontage rapide de la visière ultra-quick-release</li></ul><br><ul><li>Système de pompe AirGo</li></ul><br><p><strong>Doublure</p></strong><ul><li>Doublure antibactérienne entièrement démontable et lavable</li></ul><br><p><strong>Écran</p></strong><ul><li>Écran Pinlock inclus</li></ul>						En Stock	Disponibilité : Délai sur demande	1	24.06.2016	24.06.2016	1	https://www.motogoodeal.ch/img/import/test/03160010-05.jpg	0	Couleur:vert:1,Type de casque:Intégral:2,Genre:Adultes:3,Coque:HTTP-resin (high pressure thermoplastic technology):4,Ecran anti-buée:Non:5,Cache-nez:Oui:6,Double écran solaire:Non:7,Intérieur démontable et lavable:Oui:8,Livré avec une housse:Oui:9,Ecran anti-rayures:Non:10,Jugulaire:Double-D:11	0	new	0	0	0	0	0	0	0	0
83578	1	MGD FF323 Arrow R Solid - noir mat	447	360.1851852	1	144.0740741	1					MGD 3150000-11	MGD 3150000-11	Mototrend	LS2								0	0					Casque intégral moderne pour le motard sportif, en tri-composite fibre de verre / kevlar / carbone. Le casque avec la plus grande visibilité sur le marché actuellement, pour une sécurité accrue, aussi grâce aux trois tailles de calottes. Mousses de joues ergonomiques, découpées au laser pour un port optimal.	<br><p><strong>FF323 Arrow R Solid - noir mat</p></strong>Casque intégral en fibre de verre, kevlar et carbone<br><p><strong>Coques</p></strong><ul><li>coques en HTTP-resin (high pressure thermoplastic technology)</li></ul><br><p><strong>Homologation</p></strong><ul><li>ECE22-05 </li></ul><br><p><strong>Visière</p></strong><ul><li>Démontage rapide de la visière ultra-quick-release</li></ul><br><ul><li>Système de pompe AirGo</li></ul><br><p><strong>Doublure</p></strong><ul><li>Doublure antibactérienne entièrement démontable et lavable</li></ul><br><p><strong>Écran</p></strong><ul><li>Écran Pinlock inclus</li></ul>						En Stock	Disponibilité : Délai sur demande	1	24.06.2016	24.06.2016	1	https://www.motogoodeal.ch/img/import/test/03150000-11.jpg	0	Couleur:noir mat:1,Type de casque:Intégral:2,Genre:Adultes:3,Coque:HTTP-resin (high pressure thermoplastic technology):4,Ecran anti-buée:Non:5,Cache-nez:Oui:6,Double écran solaire:Non:7,Intérieur démontable et lavable:Oui:8,Livré avec une housse:Oui:9,Ecran anti-rayures:Non:10,Jugulaire:Double-D:11	0	new	0	0	0	0	0	0	0	0
83579	1	MGD FF324 Metro Firefly - noir	447	323.1481481	1	129.2592593	1					MGD 3162500-1	MGD 3162500-1	Mototrend	LS2								0	0					Insolent, novateur, moderne- le FF324 Metro est une nouvelle référence dans le monde des casques moto modulaires. Produit avec le très léger KPA (Kinetic Polymer Alloy) dont LS2 a le brevet, ce casque entre dans la course avec les meilleurs de sa catégorie.	"<br><p><strong>FF324</p></strong><br><p><strong>Coques</p></strong><ul><li>3 calottes en KPA (Kinetic Polymer Alloy) </li></ul><br><p><strong>Homologation</p></strong><ul><li>ECE22-05 - homologation double - à la fois ""intégrale"" et ""jet""</li></ul><br><p><strong>Visière</p></strong><ul><li>démontage rapide de la visière ultra-quick-release (SR2S); y inclus une lentille anti-buée Fog Fighter</li></ul><br><p><strong>Ventilation</p></strong><ul><li>nombreuses ventilations réglables permettant une circulation de l'air optimale</li></ul><br><p><strong>Doublure</p></strong><ul><li>doublure 'soft-touch' antibactérienne, entièrement démontable et lavable</li></ul>"						En Stock	Disponibilité : Délai sur demande	1	24.06.2016	24.06.2016	1	https://www.motogoodeal.ch/img/import/test/03162500-01_1.jpg,https://www.motogoodeal.ch/img/import/test/03162500-01_2.jpg,https://www.motogoodeal.ch/img/import/test/03162500-01_3.jpg,https://www.motogoodeal.ch/img/import/test/03162500-01_4.jpg	0	Couleur:noir:1,Type de casque:Modulable:2,Genre:Adultes:3,Coque:KPA (Kinetic Polymer Alloy):4,Ecran anti-buée:Oui:5,Cache-nez:Non:6,Double écran solaire:Non:7,Intérieur démontable et lavable:Oui:8,Livré avec une housse:Oui:9,Ecran anti-rayures:Non:10,Jugulaire:Boucle micrométrique:11	0	new	0	0	0	0	0	0	0	0
83580	1	MGD FF324 Metro Rapid - blanc	447	295.3703704	1	118.1481481	1					MGD 3162510-10	MGD 3162510-10	Mototrend	LS2								0	0					Insolent, novateur, moderne- le FF324 Metro est une nouvelle référence dans le monde des casques moto modulaires. Produit avec le très léger KPA (Kinetic Polymer Alloy) dont LS2 a le brevet, ce casque entre dans la course avec les meilleurs de sa catégorie.	"<br><p><strong>FF324</p></strong><br><p><strong>Coques</p></strong><ul><li>3 calottes en KPA (Kinetic Polymer Alloy) </li></ul><br><p><strong>Homologation</p></strong><ul><li>ECE22-05 - homologation double - à la fois ""intégrale"" et ""jet""</li></ul><br><p><strong>Visière</p></strong><ul><li>démontage rapide de la visière ultra-quick-release (SR2S); y inclus une lentille anti-buée Fog Fighter</li></ul><br><p><strong>Ventilation</p></strong><ul><li>nombreuses ventilations réglables permettant une circulation de l'air optimale</li></ul><br><p><strong>Doublure</p></strong><ul><li>doublure 'soft-touch' antibactérienne, entièrement démontable et lavable</li></ul>"						En Stock	Disponibilité : Délai sur demande	1	24.06.2016	24.06.2016	1	https://www.motogoodeal.ch/img/import/test/03162510-10.jpg	0	Couleur:blanc:1,Type de casque:Modulable:2,Genre:Adultes:3,Coque:KPA (Kinetic Polymer Alloy):4,Ecran anti-buée:Oui:5,Cache-nez:Non:6,Double écran solaire:Non:7,Intérieur démontable et lavable:Oui:8,Livré avec une housse:Oui:9,Ecran anti-rayures:Non:10,Jugulaire:Boucle micrométrique:11	0	new	0	0	0	0	0	0	0	0
83581	1	MGD FF324 Metro Solid - noir mat	447	267.5925926	1	107.037037	1					MGD 3152500-11	MGD 3152500-11	Mototrend	LS2								0	0					0	"<br><p><strong>FF324</p></strong><br><p><strong>Coques</p></strong><ul><li>3 calottes en KPA (Kinetic Polymer Alloy) </li></ul><br><p><strong>Homologation</p></strong><ul><li>ECE22-05 - homologation double - à la fois ""intégrale"" et ""jet""</li></ul><br><p><strong>Visière</p></strong><ul><li>démontage rapide de la visière ultra-quick-release (SR2S); y inclus une lentille anti-buée Fog Fighter</li></ul><br><p><strong>Ventilation</p></strong><ul><li>nombreuses ventilations réglables permettant une circulation de l'air optimale</li></ul><br><p><strong>Doublure</p></strong><ul><li>doublure 'soft-touch' antibactérienne, entièrement démontable et lavable</li></ul>"						En Stock	Disponibilité : Délai sur demande	1	24.06.2016	24.06.2016	1	https://www.motogoodeal.ch/img/import/test/03152500-11.jpg	0	Couleur:noir mat:1,Type de casque:Modulable:2,Genre:Adultes:3,Coque:KPA (Kinetic Polymer Alloy):4,Ecran anti-buée:Oui:5,Cache-nez:Non:6,Double écran solaire:Non:7,Intérieur démontable et lavable:Oui:8,Livré avec une housse:Oui:9,Ecran anti-rayures:Non:10,Jugulaire:Boucle micrométrique:11	0	new	0	0	0	0	0	0	0	0
83582	1	MGD FF325 Strobe Solid - blanc	447	184.2592593	1	73.7037037	1					MGD 3113000-10	MGD 3113000-10	Mototrend	LS2								0	0					Enfin - un casque modulable avec pare-soleil intégré pour un prix très attractif	"<br><p><strong>FF325 Strobe Solid - blanc</p></strong><br><p><strong>Coques</p></strong><ul><li>2 coques en HTTP-resin (high pressure thermoplastic technology)</li></ul><br><p><strong>Homologation</p></strong><ul><li>ECE22-05 </li></ul><br><p><strong>Visière</p></strong><ul><li>Nouvelle démontage rapide de la visière ultra-quick-release (SR2S); visière anti-fog</li></ul><br><p><strong>Ventilation</p></strong><ul><li>système d’aération aérodynamique SWS (side wind system) pour une circulation optimale de l’air</li></ul><br><p><strong>Doublure</p></strong><ul><li>doublure entièrement démontable et lavable</li></ul>"						En Stock	Disponibilité : Délai sur demande	1	24.06.2016	24.06.2016	1	https://www.motogoodeal.ch/img/import/test/03113000-10.jpg	0	Couleur:blanc:1,Type de casque:Modulable:2,Genre:Adultes:3,Coque:HTTP-resin (high pressure thermoplastic technology):4,Ecran anti-buée:Non:5,Cache-nez:Non:6,Double écran solaire:Non:7,Intérieur démontable et lavable:Oui:8,Livré avec une housse:Oui:9,Ecran anti-rayures:Non:10,Jugulaire:Boucle micrométrique:11	0	new	0	0	0	0	0	0	0	0
83583	1	MGD FF352 Fluo - jaune fluo	447	128.7037037	1	51.48148148	1					MGD 3142100-14	MGD 3142100-14	Mototrend	LS2								0	0					Casque intégral à tout confort avec un excellent rapport qualité-prix	<br><p><strong>FF352 Fluo - jaune fluo</p></strong>Casque intégral avec une coque en thermoplastique<br><p><strong>Coques</p></strong><ul><li>coques en HTTP-resin (high pressure thermoplastic technology)</li></ul><br><p><strong>Homologation</p></strong><ul><li>ECE22-05 </li></ul><br><p><strong>Visière</p></strong><ul><li>Système de démontage rapide de la visière</li></ul><br><p><strong>Ventilation</p></strong><ul><li>système d’aération aérodynamique SWS (side wind system) pour une circulation optimale de l’air</li></ul><br><p><strong>Doublure</p></strong><ul><li>doublure entièrement démontable et lavable</li></ul><br><p><strong>Femeture</p></strong><ul><li>Jugulaire à fermeture par boucle micrométrique</li></ul>						En Stock	Disponibilité : Délai sur demande	1	24.06.2016	24.06.2016	1	https://www.motogoodeal.ch/img/import/test/3522454_500.jpg	0	Couleur:jaune fluo:1,Type de casque:Intégral:2,Genre:Adultes:3,Coque:HTTP-resin (high pressure thermoplastic technology):4,Ecran anti-buée:Non:5,Cache-nez:Oui:6,Double écran solaire:Non:7,Intérieur démontable et lavable:Oui:8,Livré avec une housse:Oui:9,Ecran anti-rayures:Non:10,Jugulaire:Boucle micrométrique:11	0	new	0	0	0	0	0	0	0	0
83584	1	MGD FF352 Flutter - noir	447	128.7037037	1	51.48148148	1					MGD 3132101-1	MGD 3132101-1	Mototrend	LS2								0	0					Casque intégral à tout confort avec un excellent rapport qualité-prix	<br><p><strong>FF352 Flutter - noir</p></strong>Casque intégral avec une coque en thermoplastique<br><p><strong>Coques</p></strong><ul><li>coques en HTTP-resin (high pressure thermoplastic technology)</li></ul><br><p><strong>Homologation</p></strong><ul><li>ECE22-05 </li></ul><br><p><strong>Visière</p></strong><ul><li>Système de démontage rapide de la visière</li></ul><br><p><strong>Ventilation</p></strong><ul><li>système d’aération aérodynamique SWS (side wind system) pour une circulation optimale de l’air</li></ul><br><p><strong>Doublure</p></strong><ul><li>doublure entièrement démontable et lavable</li></ul><br><p><strong>Femeture</p></strong><ul><li>Jugulaire à fermeture par boucle micrométrique</li></ul>						En Stock	Disponibilité : Délai sur demande	1	24.06.2016	24.06.2016	1	https://www.motogoodeal.ch/img/import/test/3523812_500.jpg	0	Couleur:noir:1,Type de casque:Intégral:2,Genre:Adultes:3,Coque:HTTP-resin (high pressure thermoplastic technology):4,Ecran anti-buée:Non:5,Cache-nez:Oui:6,Double écran solaire:Non:7,Intérieur démontable et lavable:Oui:8,Livré avec une housse:Oui:9,Ecran anti-rayures:Non:10,Jugulaire:Boucle micrométrique:11	0	new	0	0	0	0	0	0	0	0
83585	1	MGD FF352 Rookie X-Ray - noir mat	447	128.7037037	1	51.48148148	1					MGD 3152020-11	MGD 3152020-11	Mototrend	LS2								0	0					Casque intégral à tout confort avec un excellent rapport qualité-prix	<br><p><strong>FF352 Rookie X-Ray - noir mat</p></strong>Casque intégral avec une coque en thermoplastique<br><p><strong>Coques</p></strong><ul><li>coques en HTTP-resin (high pressure thermoplastic technology)</li></ul><br><p><strong>Homologation</p></strong><ul><li>ECE22-05 </li></ul><br><p><strong>Visière</p></strong><ul><li>Système de démontage rapide de la visière</li></ul><br><p><strong>Ventilation</p></strong><ul><li>système d’aération aérodynamique SWS (side wind system) pour une circulation optimale de l’air</li></ul><br><p><strong>Doublure</p></strong><ul><li>doublure entièrement démontable et lavable</li></ul><br><p><strong>Femeture</p></strong><ul><li>Jugulaire à fermeture par boucle micrométrique</li></ul>						En Stock	Disponibilité : Délai sur demande	1	24.06.2016	24.06.2016	1	https://www.motogoodeal.ch/img/import/test/3525011_500.jpg	0	Couleur:noir mat:1,Type de casque:Intégral:2,Genre:Adultes:3,Coque:HTTP-resin (high pressure thermoplastic technology):4,Ecran anti-buée:Non:5,Cache-nez:Oui:6,Double écran solaire:Non:7,Intérieur démontable et lavable:Oui:8,Livré avec une housse:Oui:9,Ecran anti-rayures:Non:10,Jugulaire:Boucle micrométrique:11	0	new	0	0	0	0	0	0	0	0
83586	1	MGD FF358 Corsa - rouge	447	184.2592593	1	73.7037037	1					MGD 3131500-2	MGD 3131500-2	Mototrend	LS2								0	0					Casque intégral en polycarbonate avec le concept AirGo qui permet de personnaliser l'ajustement du casque	"<br><p><strong>FF358</p></strong> Casque intégral en polycarbonate avec le concept AirGo qui permet de personnaliser l'ajustement du casque<br><p><strong>Coques</p></strong><ul><li>coques en HTTP-resin (high pressure thermoplastic technology)</li></ul><br><p><strong>Homologation</p></strong><ul><li>ECE22-05 </li></ul><br><p><strong>Visière</p></strong><ul><li>nouvelle démontage rapide de la visière ultra-quick-release (SR2S); visière anti-fog</li></ul><br><p><strong>Ventilation</p></strong><ul><li>système d’aération dynamique</li></ul><br><p><strong>Doublure</p></strong><ul><li>doublure entièrement démontable et lavable</li></ul>"						En Stock	Disponibilité : Délai sur demande	1	24.06.2016	24.06.2016	1		0	Couleur:rouge:1,Type de casque:Intégral:2,Genre:Adultes:3,Coque:HTTP-resin (high pressure thermoplastic technology):4,Ecran anti-buée:Non:5,Cache-nez:Oui:6,Double écran solaire:Non:7,Intérieur démontable et lavable:Oui:8,Livré avec une housse:Oui:9,Ecran anti-rayures:Non:10,Jugulaire:Boucle micrométrique:11	0	new	0	0	0	0	0	0	0	0
83587	1	MGD FF358 Sterling - doré	447	184.2592593	1	73.7037037	1					MGD 3111102-24	MGD 3111102-24	Mototrend	LS2								0	0					Casque intégral en polycarbonate avec le concept AirGo qui permet de personnaliser l'ajustement du casque	"<br><p><strong>FF358</p></strong> Casque intégral en polycarbonate avec le concept AirGo qui permet de personnaliser l'ajustement du casque<br><p><strong>Coques</p></strong><ul><li>coques en HTTP-resin (high pressure thermoplastic technology)</li></ul><br><p><strong>Homologation</p></strong><ul><li>ECE22-05 </li></ul><br><p><strong>Visière</p></strong><ul><li>nouvelle démontage rapide de la visière ultra-quick-release (SR2S); visière anti-fog</li></ul><br><p><strong>Ventilation</p></strong><ul><li>système d’aération dynamique</li></ul><br><p><strong>Doublure</p></strong><ul><li>doublure entièrement démontable et lavable</li></ul>"						En Stock	Disponibilité : Délai sur demande	1	24.06.2016	24.06.2016	1		0	Couleur:doré:1,Type de casque:Intégral:2,Genre:Adultes:3,Coque:HTTP-resin (high pressure thermoplastic technology):4,Ecran anti-buée:Non:5,Cache-nez:Oui:6,Double écran solaire:Non:7,Intérieur démontable et lavable:Oui:8,Livré avec une housse:Oui:9,Ecran anti-rayures:Non:10,Jugulaire:Boucle micrométrique:11	0	new	0	0	0	0	0	0	0	0
83588	1	MGD FF358 Sterling - rose	447	184.2592593	1	73.7037037	1					MGD 3111102-12	MGD 3111102-12	Mototrend	LS2								0	0					Casque intégral en polycarbonate avec le concept AirGo qui permet de personnaliser l'ajustement du casque	"<br><p><strong>FF358</p></strong> Casque intégral en polycarbonate avec le concept AirGo qui permet de personnaliser l'ajustement du casque<br><p><strong>Coques</p></strong><ul><li>coques en HTTP-resin (high pressure thermoplastic technology)</li></ul><br><p><strong>Homologation</p></strong><ul><li>ECE22-05 </li></ul><br><p><strong>Visière</p></strong><ul><li>nouvelle démontage rapide de la visière ultra-quick-release (SR2S); visière anti-fog</li></ul><br><p><strong>Ventilation</p></strong><ul><li>système d’aération dynamique</li></ul><br><p><strong>Doublure</p></strong><ul><li>doublure entièrement démontable et lavable</li></ul>"						En Stock	Disponibilité : Délai sur demande	1	24.06.2016	24.06.2016	1		0	Couleur:rose:1,Type de casque:Intégral:2,Genre:Adultes:3,Coque:HTTP-resin (high pressure thermoplastic technology):4,Ecran anti-buée:Non:5,Cache-nez:Oui:6,Double écran solaire:Non:7,Intérieur démontable et lavable:Oui:8,Livré avec une housse:Oui:9,Ecran anti-rayures:Non:10,Jugulaire:Boucle micrométrique:11	0	new	0	0	0	0	0	0	0	0
83589	1	MGD FF397 Vector Solid - noir mat	447	295.3703704	1	118.1481481	1					MGD 3160100-11	MGD 3160100-11	Mototrend	LS2								0	0					Casque intégral aux technologies novatrices et extrêmement léger, en fibre de verre tri-composite HPFC (High Performance Fiberglas Composite) avec écran pare-soleil intégré. Le port très agréable garantit un confort maximal. Il est décliné en trois tailles de calotte pour s'adapter au mieux à toutes les morphologies.	"<br><p><strong>FF397</p></strong><br><p><strong>Coques</p></strong><ul><li>3 calottes en Tricomp HPFC (High Performance Fiberglas Composite)</li></ul><br><p><strong>Homologation</p></strong><ul><li>ECE22-05 </li></ul><br><p><strong>Visière</p></strong><ul><li>démontage rapide de la visière ultraquick- release (SR2S); y inclus une lentille anti-buée Fog Fighter</li></ul><br><p><strong>Doublure</p></strong><ul><li>doublure 'soft-touch' antibactérienne, entièrement démontable et lavable</li></ul><br><p><strong>Ventilation</p></strong><ul><li>nombreuses ventilations réglables permettant une circulation de l'air optimale</li></ul>"						En Stock	Disponibilité : Délai sur demande	1	24.06.2016	24.06.2016	1	https://www.motogoodeal.ch/img/import/test/03160100-11_1.jpg,https://www.motogoodeal.ch/img/import/test/03160100-11_2.jpg,https://www.motogoodeal.ch/img/import/test/03160100-11_3.jpg,https://www.motogoodeal.ch/img/import/test/03160100-11_4.jpg	0	Couleur:noir mat:1,Type de casque:Intégral:2,Genre:Adultes:3,Coque:Tricomp HPFC (High Performance Fiberglas Composite):4,Ecran anti-buée:Oui:5,Cache-nez:Oui:6,Double écran solaire:Non:7,Intérieur démontable et lavable:Oui:8,Livré avec une housse:Oui:9,Ecran anti-rayures:Non:10,Jugulaire:Boucle micrométrique:11	0	new	0	0	0	0	0	0	0	0
83590	1	MGD FF397 Vector Vantage - jaune fluo	447	332.4074074	1	132.962963	1					MGD 3160130-14	MGD 3160130-14	Mototrend	LS2								0	0					Casque intégral aux technologies novatrices et extrêmement léger, en fibre de verre tri-composite HPFC (High Performance Fiberglas Composite) avec écran pare-soleil intégré. Le port très agréable garantit un confort maximal. Il est décliné en trois tailles de calotte pour s'adapter au mieux à toutes les morphologies.	"<br><p><strong>FF397</p></strong><br><p><strong>Coques</p></strong><ul><li>3 calottes en Tricomp HPFC (High Performance Fiberglas Composite)</li></ul><br><p><strong>Homologation</p></strong><ul><li>ECE22-05 </li></ul><br><p><strong>Visière</p></strong><ul><li>démontage rapide de la visière ultraquick- release (SR2S); y inclus une lentille anti-buée Fog Fighter</li></ul><br><p><strong>Doublure</p></strong><ul><li>doublure 'soft-touch' antibactérienne, entièrement démontable et lavable</li></ul><br><p><strong>Ventilation</p></strong><ul><li>nombreuses ventilations réglables permettant une circulation de l'air optimale</li></ul>"						En Stock	Disponibilité : Délai sur demande	1	24.06.2016	24.06.2016	1	https://www.motogoodeal.ch/img/import/test/103972653_500.jpg	0	Couleur:jaune fluo:1,Type de casque:Intégral:2,Genre:Adultes:3,Coque:Tricomp HPFC (High Performance Fiberglas Composite):4,Ecran anti-buée:Oui:5,Cache-nez:Oui:6,Double écran solaire:Non:7,Intérieur démontable et lavable:Oui:8,Livré avec une housse:Oui:9,Ecran anti-rayures:Non:10,Jugulaire:Boucle micrométrique:11	0	new	0	0	0	0	0	0	0	0
83591	1	MGD FF397 Vector Vantage - rouge	447	332.4074074	1	132.962963	1					MGD 3160130-2	MGD 3160130-2	Mototrend	LS2								0	0					Casque intégral aux technologies novatrices et extrêmement léger, en fibre de verre tri-composite HPFC (High Performance Fiberglas Composite) avec écran pare-soleil intégré. Le port très agréable garantit un confort maximal. Il est décliné en trois tailles de calotte pour s'adapter au mieux à toutes les morphologies.	"<br><p><strong>FF397</p></strong><br><p><strong>Coques</p></strong><ul><li>3 calottes en Tricomp HPFC (High Performance Fiberglas Composite)</li></ul><br><p><strong>Homologation</p></strong><ul><li>ECE22-05 </li></ul><br><p><strong>Visière</p></strong><ul><li>démontage rapide de la visière ultraquick- release (SR2S); y inclus une lentille anti-buée Fog Fighter</li></ul><br><p><strong>Doublure</p></strong><ul><li>doublure 'soft-touch' antibactérienne, entièrement démontable et lavable</li></ul><br><p><strong>Ventilation</p></strong><ul><li>nombreuses ventilations réglables permettant une circulation de l'air optimale</li></ul>"						En Stock	Disponibilité : Délai sur demande	1	24.06.2016	24.06.2016	1	https://www.motogoodeal.ch/img/import/test/03160130-02_1.jpg,https://www.motogoodeal.ch/img/import/test/03160130-02_2.jpg	0	Couleur:rouge:1,Type de casque:Intégral:2,Genre:Adultes:3,Coque:Tricomp HPFC (High Performance Fiberglas Composite):4,Ecran anti-buée:Oui:5,Cache-nez:Oui:6,Double écran solaire:Non:7,Intérieur démontable et lavable:Oui:8,Livré avec une housse:Oui:9,Ecran anti-rayures:Non:10,Jugulaire:Boucle micrométrique:11	0	new	0	0	0	0	0	0	0	0
83592	1	MGD OF521 Infinity Solid - noir mat	447	249.0740741	1	99.62962963	1					MGD 3165100-11	MGD 3165100-11	Mototrend	LS2								0	0					Le modèle OF521 Infinity, moderne et équipé de technologies avancées, te donne cette sensation de liberté unique que seule la moto peut te donner. Ce casque jet t'ouvre le monde des deux-roues, et avec son poids léger, il est idéal également pour les distances plus longues. 	<br><p><strong>OF521 Infinity Solid - noir mat</p></strong><br><p><strong>Coques</p></strong><ul><li>3 calottes en KPA (Kinetic Polymer Alloy)</li></ul><br><p><strong>Homologation</p></strong><ul><li>ECE22-05 </li></ul><br><p><strong>Visière</p></strong><ul><li>démontage rapide de la visière ultra-quick-release (SR2S)</li></ul><br><p><strong>Ventilation</p></strong><ul><li>nombreuses ventilations réglables permettant une circulation de l'air optimale</li></ul><br><p><strong>Doublure</p></strong><ul><li>doublure 'soft-touch' antibactérienne, entièrement démontable et lavable</li></ul>						En Stock	Disponibilité : Délai sur demande	1	24.06.2016	24.06.2016	1	https://www.motogoodeal.ch/img/import/test/03165100-11_1.jpg,https://www.motogoodeal.ch/img/import/test/03165100-11_2.jpg,https://www.motogoodeal.ch/img/import/test/03165100-11_3.jpg,https://www.motogoodeal.ch/img/import/test/03165100-11_4.jpg	0	Couleur:noir mat:1,Type de casque:Jet:2,Genre:Adultes:3,Coque:KPA (Kinetic Polymer Alloy):4,Ecran anti-buée:Non:5,Cache-nez:Oui:6,Double écran solaire:Non:7,Intérieur démontable et lavable:Oui:8,Livré avec une housse:Oui:9,Ecran anti-rayures:Non:10,Jugulaire:Boucle micrométrique:11	0	new	0	0	0	0	0	0	0	0
83593	1	MGD OF521 Infinity Solid - blanc	447	249.0740741	1	99.62962963	1					MGD 3165100-10	MGD 3165100-10	Mototrend	LS2								0	0					Le modèle OF521 Infinity, moderne et équipé de technologies avancées, te donne cette sensation de liberté unique que seule la moto peut te donner. Ce casque jet t'ouvre le monde des deux-roues, et avec son poids léger, il est idéal également pour les distances plus longues. 	<br><p><strong>OF521 Infinity Solid - blanc</p></strong><br><p><strong>Coques</p></strong><ul><li>3 calottes en KPA (Kinetic Polymer Alloy)</li></ul><br><p><strong>Homologation</p></strong><ul><li>ECE22-05 </li></ul><br><p><strong>Visière</p></strong><ul><li>démontage rapide de la visière ultra-quick-release (SR2S)</li></ul><br><p><strong>Ventilation</p></strong><ul><li>nombreuses ventilations réglables permettant une circulation de l'air optimale</li></ul><br><p><strong>Doublure</p></strong><ul><li>doublure 'soft-touch' antibactérienne, entièrement démontable et lavable</li></ul>						En Stock	Disponibilité : Délai sur demande	1	24.06.2016	24.06.2016	1	https://www.motogoodeal.ch/img/import/test/03165100-10_1.jpg,https://www.motogoodeal.ch/img/import/test/03165100-10_2.jpg,https://www.motogoodeal.ch/img/import/test/03165100-10_3.jpg,https://www.motogoodeal.ch/img/import/test/03165100-10_4.jpg	0	Couleur:blanc:1,Type de casque:Jet:2,Genre:Adultes:3,Coque:KPA (Kinetic Polymer Alloy):4,Ecran anti-buée:Non:5,Cache-nez:Oui:6,Double écran solaire:Non:7,Intérieur démontable et lavable:Oui:8,Livré avec une housse:Oui:9,Ecran anti-rayures:Non:10,Jugulaire:Boucle micrométrique:11	0	new	0	0	0	0	0	0	0	0
83594	1	MGD OF560 College - noir	447	137.962963	1	55.18518519	1					MGD 3115402-1	MGD 3115402-1	Mototrend	LS2								0	0					Casque jet dernier cri qui passe sous presque toutes les selles	<br><p><strong>OF560</p></strong> Casque jet dernier cri qui passe sous presque toutes les selles<br><p><strong>Coques</p></strong><ul><li>2 coques en HTTP-resin (high pressure thermoplastic technology)</li></ul><br><p><strong>Homologation</p></strong><ul><li>ECE22-05 </li></ul><br><p><strong>Visière</p></strong><ul><li>nouvelle démontage rapide de la visière ultra-quick-release (SR2S)</li></ul><br><p><strong>Ventilation</p></strong><ul><li>système d’aération dynamique</li></ul><br><p><strong>Doublure</p></strong><ul><li>doublure entièrement démontable et lavable</li></ul>						En Stock	Disponibilité : Délai sur demande	1	24.06.2016	24.06.2016	1	https://www.motogoodeal.ch/img/import/test/03115402-01.jpg	0	Couleur:noir:1,Type de casque:Jet:2,Genre:Adultes:3,Coque:HTTP-resin (high pressure thermoplastic technology):4,Ecran anti-buée:Non:5,Cache-nez:Oui:6,Double écran solaire:Non:7,Intérieur démontable et lavable:Oui:8,Livré avec une housse:Oui:9,Ecran anti-rayures:Non:10,Jugulaire:Boucle micrométrique:11	0	new	0	0	0	0	0	0	0	0
83595	1	MGD OF560 Rocket II Solid - noir mat	447	91.66666667	1	36.66666667	1					MGD 3115300-11	MGD 3115300-11	Mototrend	LS2								0	0					Casque jet dernier cri qui passe sous presque toutes les selles	<br><p><strong>OF560</p></strong> Casque jet dernier cri qui passe sous presque toutes les selles<br><p><strong>Coques</p></strong><ul><li>2 coques en HTTP-resin (high pressure thermoplastic technology)</li></ul><br><p><strong>Homologation</p></strong><ul><li>ECE22-05 </li></ul><br><p><strong>Visière</p></strong><ul><li>nouvelle démontage rapide de la visière ultra-quick-release (SR2S)</li></ul><br><p><strong>Ventilation</p></strong><ul><li>système d’aération dynamique</li></ul><br><p><strong>Doublure</p></strong><ul><li>doublure entièrement démontable et lavable</li></ul>						En Stock	Disponibilité : Délai sur demande	1	24.06.2016	24.06.2016	1	https://www.motogoodeal.ch/img/import/test/305601011_500.jpg	0	Couleur:noir mat:1,Type de casque:Jet:2,Genre:Adultes:3,Coque:HTTP-resin (high pressure thermoplastic technology):4,Ecran anti-buée:Non:5,Cache-nez:Oui:6,Double écran solaire:Non:7,Intérieur démontable et lavable:Oui:8,Livré avec une housse:Oui:9,Ecran anti-rayures:Non:10,Jugulaire:Boucle micrométrique:11	0	new	0	0	0	0	0	0	0	0
83596	1	MGD OF560 Team - blanc	447	137.962963	1	55.18518519	1					MGD 3115403-10	MGD 3115403-10	Mototrend	LS2								0	0					Casque jet dernier cri qui passe sous presque toutes les selles	<br><p><strong>OF560</p></strong> Casque jet dernier cri qui passe sous presque toutes les selles<br><p><strong>Coques</p></strong><ul><li>2 coques en HTTP-resin (high pressure thermoplastic technology)</li></ul><br><p><strong>Homologation</p></strong><ul><li>ECE22-05 </li></ul><br><p><strong>Visière</p></strong><ul><li>nouvelle démontage rapide de la visière ultra-quick-release (SR2S)</li></ul><br><p><strong>Ventilation</p></strong><ul><li>système d’aération dynamique</li></ul><br><p><strong>Doublure</p></strong><ul><li>doublure entièrement démontable et lavable</li></ul>						En Stock	Disponibilité : Délai sur demande	1	24.06.2016	24.06.2016	1	https://www.motogoodeal.ch/img/import/test/03115403-10.jpg	0	Couleur:blanc:1,Type de casque:Jet:2,Genre:Adultes:3,Coque:HTTP-resin (high pressure thermoplastic technology):4,Ecran anti-buée:Non:5,Cache-nez:Oui:6,Double écran solaire:Non:7,Intérieur démontable et lavable:Oui:8,Livré avec une housse:Oui:9,Ecran anti-rayures:Non:10,Jugulaire:Boucle micrométrique:11	0	new	0	0	0	0	0	0	0	0
83597	1	MGD OF561 Dinoco - noir	447	110.1851852	1	44.07407407	1					MGD 3135201-1	MGD 3135201-1	Mototrend	LS2								0	0					Un petit bijou très esthétique – pratique et stylé, juste de la bonne taille pour être rangé sous la plupart des sièges de scooter	<br><p><strong>of561</p></strong> Un petit bijou très esthétique – pratique et stylé, juste de la bonne taille pour être rangé sous la plupart des sièges de scooter<br><p><strong>Coques</p></strong><ul><li>2 coques en HTTP-resin (high pressure thermoplastic technology)</li></ul><br><p><strong>Homologation</p></strong><ul><li>ECE22-05 </li></ul><br><p><strong>Visière</p></strong><ul><li>pare-soleil intégré</li></ul><br><p><strong>Doublure</p></strong><ul><li>doublure entièrement démontable et lavable</li></ul>						En Stock	Disponibilité : Délai sur demande	1	24.06.2016	24.06.2016	1		0	Couleur:noir:1,Type de casque:Jet:2,Genre:Adultes:3,Coque:HTTP-resin (high pressure thermoplastic technology):4,Ecran anti-buée:Non:5,Cache-nez:Oui:6,Double écran solaire:Non:7,Intérieur démontable et lavable:Oui:8,Livré avec une housse:Oui:9,Ecran anti-rayures:Non:10,Jugulaire:Boucle micrométrique:11	0	new	0	0	0	0	0	0	0	0
83598	1	MGD OF561 Wave Beat - rose	447	110.1851852	1	44.07407407	1					MGD 3165200-20	MGD 3165200-20	Mototrend	LS2								0	0					Un petit bijou très esthétique – pratique et stylé, juste de la bonne taille pour être rangé sous la plupart des sièges de scooter	<br><p><strong>of561</p></strong> Un petit bijou très esthétique – pratique et stylé, juste de la bonne taille pour être rangé sous la plupart des sièges de scooter<br><p><strong>Coques</p></strong><ul><li>2 coques en HTTP-resin (high pressure thermoplastic technology)</li></ul><br><p><strong>Homologation</p></strong><ul><li>ECE22-05 </li></ul><br><p><strong>Visière</p></strong><ul><li>pare-soleil intégré</li></ul><br><p><strong>Doublure</p></strong><ul><li>doublure entièrement démontable et lavable</li></ul>						En Stock	Disponibilité : Délai sur demande	1	24.06.2016	24.06.2016	1	https://www.motogoodeal.ch/img/import/test/505612144_500.jpg	0	Couleur:rose:1,Type de casque:Jet:2,Genre:Adultes:3,Coque:HTTP-resin (high pressure thermoplastic technology):4,Ecran anti-buée:Non:5,Cache-nez:Oui:6,Double écran solaire:Non:7,Intérieur démontable et lavable:Oui:8,Livré avec une housse:Oui:9,Ecran anti-rayures:Non:10,Jugulaire:Boucle micrométrique:11	0	new	0	0	0	0	0	0	0	0
83599	1	MGD OF561 Wave Solid - noir mat	447	91.66666667	1	36.66666667	1					MGD 3135200-11	MGD 3135200-11	Mototrend	LS2								0	0					Un petit bijou très esthétique – pratique et stylé, juste de la bonne taille pour être rangé sous la plupart des sièges de scooter	<br><p><strong>of561</p></strong> Un petit bijou très esthétique – pratique et stylé, juste de la bonne taille pour être rangé sous la plupart des sièges de scooter<br><p><strong>Coques</p></strong><ul><li>2 coques en HTTP-resin (high pressure thermoplastic technology)</li></ul><br><p><strong>Homologation</p></strong><ul><li>ECE22-05 </li></ul><br><p><strong>Visière</p></strong><ul><li>pare-soleil intégré</li></ul><br><p><strong>Doublure</p></strong><ul><li>doublure entièrement démontable et lavable</li></ul>						En Stock	Disponibilité : Délai sur demande	1	24.06.2016	24.06.2016	1	https://www.motogoodeal.ch/img/import/test/305611011_500.jpg	0	Couleur:noir mat:1,Type de casque:Jet:2,Genre:Adultes:3,Coque:HTTP-resin (high pressure thermoplastic technology):4,Ecran anti-buée:Non:5,Cache-nez:Oui:6,Double écran solaire:Non:7,Intérieur démontable et lavable:Oui:8,Livré avec une housse:Oui:9,Ecran anti-rayures:Non:10,Jugulaire:Boucle micrométrique:11	0	new	0	0	0	0	0	0	0	0
83600	1	MGD OF569 Track solid - noir mat	447	165.7407407	1	66.2962963	1					MGD 3115100-11	MGD 3115100-11	Mototrend	LS2								0	0					Casque jet tout confort avec pare-soleil intégré	<br><p><strong>OF569</p></strong> Casque jet tout confort avec pare-soleil intégré<br><p><strong>Coques</p></strong><ul><li>coques en HTTP-resin (high pressure thermoplastic technology)</li></ul><br><p><strong>Homologation</p></strong><ul><li>ECE22-05 </li></ul><br><p><strong>Visière</p></strong><ul><li>nouvelle démontage rapide de la visière ultra-quick-release (SR2S)</li></ul><br><p><strong>Ventilation</p></strong><ul><li>système d’aération dynamique</li></ul><br><p><strong>Doublure</p></strong><ul><li>doublure entièrement démontable et lavable</li></ul>						En Stock	Disponibilité : Délai sur demande	1	24.06.2016	24.06.2016	1	https://www.motogoodeal.ch/img/import/test/305692011_500.jpg	0	Couleur:noir mat:1,Type de casque:Jet:2,Genre:Adultes:3,Coque:HTTP-resin (high pressure thermoplastic technology):4,Ecran anti-buée:Non:5,Cache-nez:Oui:6,Double écran solaire:Non:7,Intérieur démontable et lavable:Oui:8,Livré avec une housse:Oui:9,Ecran anti-rayures:Non:10,Jugulaire:Boucle micrométrique:11	0	new	0	0	0	0	0	0	0	0
83601	1	MGD OF569 Track solid - blanc	447	165.7407407	1	66.2962963	1					MGD 3115100-10	MGD 3115100-10	Mototrend	LS2								0	0					Casque jet tout confort avec pare-soleil intégré	<br><p><strong>OF569</p></strong> Casque jet tout confort avec pare-soleil intégré<br><p><strong>Coques</p></strong><ul><li>coques en HTTP-resin (high pressure thermoplastic technology)</li></ul><br><p><strong>Homologation</p></strong><ul><li>ECE22-05 </li></ul><br><p><strong>Visière</p></strong><ul><li>nouvelle démontage rapide de la visière ultra-quick-release (SR2S)</li></ul><br><p><strong>Ventilation</p></strong><ul><li>système d’aération dynamique</li></ul><br><p><strong>Doublure</p></strong><ul><li>doublure entièrement démontable et lavable</li></ul>						En Stock	Disponibilité : Délai sur demande	1	24.06.2016	24.06.2016	1	https://www.motogoodeal.ch/img/import/test/305692002_500.jpg	0	Couleur:blanc:1,Type de casque:Jet:2,Genre:Adultes:3,Coque:HTTP-resin (high pressure thermoplastic technology):4,Ecran anti-buée:Non:5,Cache-nez:Oui:6,Double écran solaire:Non:7,Intérieur démontable et lavable:Oui:8,Livré avec une housse:Oui:9,Ecran anti-rayures:Non:10,Jugulaire:Boucle micrométrique:11	0	new	0	0	0	0	0	0	0	0
83602	1	MGD OF583 Bobber Kurt - vert mat	447	230.5555556	1	92.22222222	1					MGD 3155030-15	MGD 3155030-15	Mototrend	LS2								0	0					Casque vintage très trend, et fort stylé avec ça, grâce aux 3 tailles de la coque extérieure. Ce casque est fourni avec lunettes et visière incluses	<br><p><strong>of583</p></strong> Casque vintage très trend, et fort stylé avec ça, grâce aux 3 tailles de la coque extérieure. Ce casque est fourni avec lunettes et visière incluses<br><p><strong>Coques</p></strong><ul><li>3 coques en fibre de verre</li></ul><br><p><strong>Homologation</p></strong><ul><li>ECE22-05 </li></ul><br><p><strong>Doublure</p></strong><ul><li>doublure entièrement démontable et lavable</li></ul>						En Stock	Disponibilité : Délai sur demande	1	24.06.2016	24.06.2016	1	https://www.motogoodeal.ch/img/import/test/305833062_500.jpg	0	Couleur:vert mat:1,Type de casque:Jet:2,Genre:Adultes:3,Coque:fibre de verre:4,Ecran anti-buée:Non:5,Cache-nez:Oui:6,Double écran solaire:Non:7,Intérieur démontable et lavable:Oui:8,Livré avec une housse:Oui:9,Ecran anti-rayures:Non:10,Jugulaire:Boucle micrométrique:11	0	new	0	0	0	0	0	0	0	0
83603	1	MGD OF583 Bobber Solid - noir mat	447	202.7777778	1	81.11111111	1					MGD 3155035-11	MGD 3155035-11	Mototrend	LS2								0	0					Casque vintage très trend, et fort stylé avec ça, grâce aux 3 tailles de la coque extérieure. Ce casque est fourni avec lunettes et visière incluses	<br><p><strong>of583</p></strong> Casque vintage très trend, et fort stylé avec ça, grâce aux 3 tailles de la coque extérieure. Ce casque est fourni avec lunettes et visière incluses<br><p><strong>Coques</p></strong><ul><li>3 coques en fibre de verre</li></ul><br><p><strong>Homologation</p></strong><ul><li>ECE22-05 </li></ul><br><p><strong>Doublure</p></strong><ul><li>doublure entièrement démontable et lavable</li></ul>						En Stock	Disponibilité : Délai sur demande	1	24.06.2016	24.06.2016	1	https://www.motogoodeal.ch/img/import/test/03155035.jpg	0	Couleur:noir mat:1,Type de casque:Jet:2,Genre:Adultes:3,Coque:fibre de verre:4,Ecran anti-buée:Non:5,Cache-nez:Oui:6,Double écran solaire:Non:7,Intérieur démontable et lavable:Oui:8,Livré avec une housse:Oui:9,Ecran anti-rayures:Non:10,Jugulaire:Boucle micrométrique:11	0	new	0	0	0	0	0	0	0	0
83604	1	MGD OF586 Bishop Solid - noir mat	447	137.962963	1	55.18518519	1					MGD 3145000-11	MGD 3145000-11	Mototrend	LS2								0	0					Petit mais solide – casque jet compact avec système pare-soleil intégré et une petite visière en option	"<br><p><strong>OF586</p></strong> Petit mais solide – casque jet compact avec système pare-soleil intégré et une petite visière en option<br><p><strong>Coques</p></strong><ul><li>2 coques en HTTP-resin (high pressure thermoplastic technology)</li></ul><br><p><strong>Homologation</p></strong><ul><li>ECE22-05 </li></ul><br><p><strong>Visière</p></strong><ul><li>nouvelle démontage rapide de la visière ultra-quick-release (SR2S); visière anti-fog</li></ul><br><p><strong>Ventilation</p></strong><ul><li>système d’aération dynamique</li></ul><br><p><strong>Doublure</p></strong><ul><li>doublure antibactérienne entièrement démontable et lavable</li></ul>"						En Stock	Disponibilité : Délai sur demande	1	24.06.2016	24.06.2016	1	https://www.motogoodeal.ch/img/import/test/305861011_500.jpg	0	Couleur:noir mat:1,Type de casque:Jet:2,Genre:Adultes:3,Coque:HTTP-resin (high pressure thermoplastic technology):4,Ecran anti-buée:Non:5,Cache-nez:Oui:6,Double écran solaire:Non:7,Intérieur démontable et lavable:Oui:8,Livré avec une housse:Oui:9,Ecran anti-rayures:Non:10,Jugulaire:Boucle micrométrique:11	0	new	0	0	0	0	0	0	0	0
83605	1	MGD OF597 Cabrio Carbon - carbon	447	323.1481481	1	129.2592593	1					MGD 3155040-29	MGD 3155040-29	Mototrend	LS2								0	0					Casque jet très léger en fibre de carbone avec visière solaire intégrée. Grâce à une production hautement sophistiquée, il ne pèse que 900grammes environ.	<br><p><strong>OF597 Cabrio Carbon - carbon</p></strong><br><p><strong>Coques</p></strong><ul><li>3 coques en Carbon-Fiber</li></ul><br><p><strong>Homologation</p></strong><ul><li>ECE22-05 </li></ul><br><p><strong>Visière</p></strong><ul><li>nouvelle démontage rapide de la visière</li></ul><br><p><strong>Doublure</p></strong><ul><li>doublure antibactérienne entièrement démontable et lavable</li></ul>						En Stock	Disponibilité : Délai sur demande	1	24.06.2016	24.06.2016	1	https://www.motogoodeal.ch/img/import/test/03155040-29_1.jpg,https://www.motogoodeal.ch/img/import/test/03155040-29_2.jpg,https://www.motogoodeal.ch/img/import/test/03155040-29_3.jpg,https://www.motogoodeal.ch/img/import/test/03155040-29_4.jpg	0	Couleur:carbon:1,Type de casque:Jet:2,Genre:Adultes:3,Coque:fibre de carbonne:4,Ecran anti-buée:Non:5,Cache-nez:Oui:6,Double écran solaire:Non:7,Intérieur démontable et lavable:Oui:8,Livré avec une housse:Oui:9,Ecran anti-rayures:Non:10,Jugulaire:Boucle micrométrique:11	0	new	0	0	0	0	0	0	0	0
83606	1	MGD OF597 Cabrio Via - jaune fluo	447	249.0740741	1	99.62962963	1					MGD 3165040-14	MGD 3165040-14	Mototrend	LS2								0	0					Casque jet très léger en fibre de carbone avec visière solaire intégrée. Grâce à une production hautement sophistiquée, il ne pèse que 900grammes environ.	<br><p><strong>OF597 Cabrio Via - jaune fluo</p></strong><br><p><strong>Coques</p></strong><ul><li>3 coques en Carbon-Fiber</li></ul><br><p><strong>Homologation</p></strong><ul><li>ECE22-05 </li></ul><br><p><strong>Visière</p></strong><ul><li>nouvelle démontage rapide de la visière</li></ul><br><p><strong>Doublure</p></strong><ul><li>doublure antibactérienne entièrement démontable et lavable</li></ul>						En Stock	Disponibilité : Délai sur demande	1	24.06.2016	24.06.2016	1	https://www.motogoodeal.ch/img/import/test/03165040-14_1.jpg,https://www.motogoodeal.ch/img/import/test/03165040-14_2.jpg,https://www.motogoodeal.ch/img/import/test/03165040-14_3.jpg,https://www.motogoodeal.ch/img/import/test/03165040-14_4.jpg	0	Couleur:jaune fluo:1,Type de casque:Jet:2,Genre:Adultes:3,Coque:fibre de carbonne:4,Ecran anti-buée:Non:5,Cache-nez:Oui:6,Double écran solaire:Non:7,Intérieur démontable et lavable:Oui:8,Livré avec une housse:Oui:9,Ecran anti-rayures:Non:10,Jugulaire:Boucle micrométrique:11	0	new	0	0	0	0	0	0	0	0
83607	1	MGD OF597 Cabrio Via - orange	447	249.0740741	1	99.62962963	1					MGD 3165040-8	MGD 3165040-8	Mototrend	LS2								0	0					Casque jet très léger en fibre de carbone avec visière solaire intégrée. Grâce à une production hautement sophistiquée, il ne pèse que 900grammes environ.	<br><p><strong>OF597 Cabrio Via - orange</p></strong><br><p><strong>Coques</p></strong><ul><li>3 coques en Carbon-Fiber</li></ul><br><p><strong>Homologation</p></strong><ul><li>ECE22-05 </li></ul><br><p><strong>Visière</p></strong><ul><li>nouvelle démontage rapide de la visière</li></ul><br><p><strong>Doublure</p></strong><ul><li>doublure antibactérienne entièrement démontable et lavable</li></ul>						En Stock	Disponibilité : Délai sur demande	1	24.06.2016	24.06.2016	1	https://www.motogoodeal.ch/img/import/test/03165040-08_1.jpg,https://www.motogoodeal.ch/img/import/test/03165040-08_2.jpg,https://www.motogoodeal.ch/img/import/test/03165040-08_3.jpg,https://www.motogoodeal.ch/img/import/test/03165040-08_4.jpg	0	Couleur:orange:1,Type de casque:Jet:2,Genre:Adultes:3,Coque:fibre de carbonne:4,Ecran anti-buée:Non:5,Cache-nez:Oui:6,Double écran solaire:Non:7,Intérieur démontable et lavable:Oui:8,Livré avec une housse:Oui:9,Ecran anti-rayures:Non:10,Jugulaire:Boucle micrométrique:11	0	new	0	0	0	0	0	0	0	0
83608	1	MGD OF597 Cabrio Via - titan/gun	447	249.0740741	1	99.62962963	1					MGD 3165040-26	MGD 3165040-26	Mototrend	LS2								0	0					Casque jet très léger en fibre de carbone avec visière solaire intégrée. Grâce à une production hautement sophistiquée, il ne pèse que 900grammes environ.	<br><p><strong>OF597 Cabrio Via - titan/gun</p></strong><br><p><strong>Coques</p></strong><ul><li>3 coques en Carbon-Fiber</li></ul><br><p><strong>Homologation</p></strong><ul><li>ECE22-05 </li></ul><br><p><strong>Visière</p></strong><ul><li>nouvelle démontage rapide de la visière</li></ul><br><p><strong>Doublure</p></strong><ul><li>doublure antibactérienne entièrement démontable et lavable</li></ul>						En Stock	Disponibilité : Délai sur demande	1	24.06.2016	24.06.2016	1	https://www.motogoodeal.ch/img/import/test/03165040-26_1.jpg,https://www.motogoodeal.ch/img/import/test/03165040-26_2.jpg,https://www.motogoodeal.ch/img/import/test/03165040-26_3.jpg,https://www.motogoodeal.ch/img/import/test/03165040-26_4.jpg	0	Couleur:titan/gun:1,Type de casque:Jet:2,Genre:Adultes:3,Coque:fibre de carbonne:4,Ecran anti-buée:Non:5,Cache-nez:Oui:6,Double écran solaire:Non:7,Intérieur démontable et lavable:Oui:8,Livré avec une housse:Oui:9,Ecran anti-rayures:Non:10,Jugulaire:Boucle micrométrique:11	0	new	0	0	0	0	0	0	0	0
83609	1	MGD OF597 Cabrio Via - blanc matt	447	249.0740741	1	99.62962963	1					MGD 3165040-21	MGD 3165040-21	Mototrend	LS2								0	0					Casque jet très léger en fibre de carbone avec visière solaire intégrée. Grâce à une production hautement sophistiquée, il ne pèse que 900grammes environ.	<br><p><strong>OF597 Cabrio Via - blanc matt</p></strong><br><p><strong>Coques</p></strong><ul><li>3 coques en Carbon-Fiber</li></ul><br><p><strong>Homologation</p></strong><ul><li>ECE22-05 </li></ul><br><p><strong>Visière</p></strong><ul><li>nouvelle démontage rapide de la visière</li></ul><br><p><strong>Doublure</p></strong><ul><li>doublure antibactérienne entièrement démontable et lavable</li></ul>						En Stock	Disponibilité : Délai sur demande	1	24.06.2016	24.06.2016	1	https://www.motogoodeal.ch/img/import/test/03165040-21_1.jpg,https://www.motogoodeal.ch/img/import/test/03165040-21_2.jpg,https://www.motogoodeal.ch/img/import/test/03165040-21_3.jpg,https://www.motogoodeal.ch/img/import/test/03165040-21_4.jpg	0	Couleur:blanc matt:1,Type de casque:Jet:2,Genre:Adultes:3,Coque:fibre de carbonne:4,Ecran anti-buée:Non:5,Cache-nez:Oui:6,Double écran solaire:Non:7,Intérieur démontable et lavable:Oui:8,Livré avec une housse:Oui:9,Ecran anti-rayures:Non:10,Jugulaire:Boucle micrométrique:11	0	new	0	0	0	0	0	0	0	0
