ID;Active (0/1);Name *;Categories (x,y,z...);Price tax excluded or Price tax included;Tax rules ID;Wholesale price;On sale (0/1);Discount amount;Discount percent;Discount from (yyyy-mm-dd);Discount to (yyyy-mm-dd);Reference #;Supplier reference #;Supplier;Manufacturer;EAN13;UPC;Ecotax;Width;Height;Depth;Weight;Quantity;Minimal quantity;Visibility;Additional shipping cost;Unity;Unit price;Short description;Description;Tags (x,y,z...);Meta title;Meta keywords;Meta description;URL rewritten;Text when in stock;Text when backorder allowed;Available for order (0 = No, 1 = Yes);Product available date;Product creation date;Show price (0 = No, 1 = Yes);Image URLs (x,y,z...);Delete existing images (0 = No, 1 = Yes);Feature(Name:Value:Position);Available online only (0 = No, 1 = Yes);Condition;Customizable (0 = No, 1 = Yes);Uploadable files (0 = No, 1 = Yes);Text fields (0 = No, 1 = Yes);Out of stock;ID / Name of shop;Advanced stock management;Depends On Stock;Warehouse
85326;;Ixon Jacke OXYGEN HP - Schwarz/Weiss/Grün;;;;;;;;;;MGDRPGIXBA131281;;;;;;;;;;;;;;;;;"Allwetter-Motorradjacke, die ""Oxygen HP"" ist ausgestattet mit einem wasserabweissenden und abnehmbaren Winterfutter. Für alle die die Jacke nicht aufgrund von Wetter wechseln möchsten.";<ul><li>Belüftung über Mesh-Einsätze im Rückenbereich</li><li>komplettes herausnehmbares Winterfutter</li><li>atmungsaktiv und wasserdicht</li><li>Ellbogen- und Schulterprotektoren + Rückenprotektor</li></ul>;;;;;;Auf Lager;Nicht mehr verfügbar;;;;;;;;;;;;;;;;;
85327;;Ixon Jacke PITRACE - Schwarz/Weiss/Gelb;;;;;;;;;;MGDRPGIXBA141082;;;;;;;;;;;;;;;;;2 in 1 Sportjacke für Herren, gut belüftet durch Mesheinsätze, wasserdicht und windschutz danke abnehmbarem Innenfutter. Verfügt über CE-zertifizierte Ellbogen- und Schulterprotektoren.;<ul><li>Atmungsaktives Textilmaterial an Brust, Rücken und Ärmel</li><li>Wasserdicht, atmungsaktiv und winddicht mit herausnehmbaren Einsätzen</li><li>Tasche am Rücken für den Einsatz</li><li>Reflektierende Verzierungen an Ärmel, Schulter und Rücken</li><li>Racing Kragen</li><li>Weitenregulierung durch Druckknöpfe an den Handgelenken</li><li>Verstellbar an den Ärmeln mit Druckknöpfen</li><li>Weitenregulierung durch Druckknöpfe an den Hüften</li><li>2 Außentaschen</li><li>1 wasserdichte Tasche</li><li>2 Innentaschen</li><li>Reissverschlussverbindung am Rücken</li></ul>;;;;;;Auf Lager;Nicht mehr verfügbar;;;;;;;;;;;;;;;;;
85328;;Ixon Jacke PITRACE - Schwarz/Weiss;;;;;;;;;;MGDRPGIXBA141151;;;;;;;;;;;;;;;;;2 in 1 Sportjacke für Herren, gut belüftet durch Mesheinsätze, wasserdicht und windschutz danke abnehmbarem Innenfutter. Verfügt über CE-zertifizierte Ellbogen- und Schulterprotektoren.;<ul><li>Atmungsaktives Textilmaterial an Brust, Rücken und Ärmel</li><li>Wasserdicht, atmungsaktiv und winddicht mit herausnehmbaren Einsätzen</li><li>Tasche am Rücken für den Einsatz</li><li>Reflektierende Verzierungen an Ärmel, Schulter und Rücken</li><li>Racing Kragen</li><li>Weitenregulierung durch Druckknöpfe an den Handgelenken</li><li>Verstellbar an den Ärmeln mit Druckknöpfen</li><li>Weitenregulierung durch Druckknöpfe an den Hüften</li><li>2 Außentaschen</li><li>1 wasserdichte Tasche</li><li>2 Innentaschen</li><li>Reissverschlussverbindung am Rücken</li></ul>;;;;;;Auf Lager;Nicht mehr verfügbar;;;;;;;;;;;;;;;;;
85329;;Ixon Jacke PITRACE - Schwarz/Weiss/Rot;;;;;;;;;;MGDRPGIXBA141251;;;;;;;;;;;;;;;;;2 in 1 Sportjacke für Herren, gut belüftet durch Mesheinsätze, wasserdicht und windschutz danke abnehmbarem Innenfutter. Verfügt über CE-zertifizierte Ellbogen- und Schulterprotektoren.;<ul><li>Atmungsaktives Textilmaterial an Brust, Rücken und Ärmel</li><li>Wasserdicht, atmungsaktiv und winddicht mit herausnehmbaren Einsätzen</li><li>Tasche am Rücken für den Einsatz</li><li>Reflektierende Verzierungen an Ärmel, Schulter und Rücken</li><li>Racing Kragen</li><li>Weitenregulierung durch Druckknöpfe an den Handgelenken</li><li>Verstellbar an den Ärmeln mit Druckknöpfen</li><li>Weitenregulierung durch Druckknöpfe an den Hüften</li><li>2 Außentaschen</li><li>1 wasserdichte Tasche</li><li>2 Innentaschen</li><li>Reissverschlussverbindung am Rücken</li></ul>;;;;;;Auf Lager;Nicht mehr verfügbar;;;;;;;;;;;;;;;;;
85330;;Ixon Jacke COOLER - Schwarz;;;;;;;;;;MGDRPGIXBA151011;;;;;;;;;;;;;;;;;Diese Jacke für Männer mit einem technischen Look ist sehr erschwinglich und in mehreren nüchtern Sommerfarben erhältlich. Perfekt für Sommerfahrten mit belüfteten Schichten, passend mit der Cooler Hose macht Sie kann Sie auch als eleganten Anzug getragen werden.;<ul><li>Mesh-Einsätze an Brust, Rücken und Ärmel</li><li>Reflektierende Elemente an den Ärmeln</li><li>Standardkragen</li><li>Nackenabdeckung mit Neopren</li><li>Weitenregulierung durch Druckknöpfe an den Handgelenken</li><li>Verstellbar an den Ärmeln mit Druckknöpfen</li><li>Weitenregulierung durch Druckknöpfe an den Hüften</li><li>2 Außentaschen</li><li>3 Innentaschen</li><li>Verbindung mit Schlaufe und Druckknopf</li></ul>;;;;;;Auf Lager;Nicht mehr verfügbar;;;;;;;;;;;;;;;;;
85331;;Ixon Jacke MISSILE HP - Schwarz/Silber;;;;;;;;;;MGDRPGIXBA151121;;;;;;;;;;;;;;;;;Sportjacke von Ixoon aus abriebfestem Textil mit Noxiguard-Verstärkungen an sensiblen Stellen.;<ul><li>Belüftung über Atmungsaktives 3D Textilmaterial an Brust und Ärmel</li><li>Belüftung über Atmungsaktives 3D Textilmaterial und Mesh-Einsätze im Rückenbereich</li><li>Wasserdicht, atmungsaktiv und winddicht. Mit herausnehmbaren Einsätzen</li><li>Tasche am Rücken für den Einsatz</li></ul>;;;;;;Auf Lager;Nicht mehr verfügbar;;;;;;;;;;;;;;;;;
85332;;Ixon Jacke COOLER - Schwarz/Weiss;;;;;;;;;;MGDRPGIXBA151152;;;;;;;;;;;;;;;;;Diese Jacke für Männer mit einem technischen Look ist sehr erschwinglich und in mehreren nüchtern Sommerfarben erhältlich. Perfekt für Sommerfahrten mit belüfteten Schichten, passend mit der Cooler Hose macht Sie kann Sie auch als eleganten Anzug getragen werden.;<ul><li>Mesh-Einsätze an Brust, Rücken und Ärmel</li><li>Reflektierende Elemente an den Ärmeln</li><li>Standardkragen</li><li>Nackenabdeckung mit Neopren</li><li>Weitenregulierung durch Druckknöpfe an den Handgelenken</li><li>Verstellbar an den Ärmeln mit Druckknöpfen</li><li>Weitenregulierung durch Druckknöpfe an den Hüften</li><li>2 Außentaschen</li><li>3 Innentaschen</li><li>Verbindung mit Schlaufe und Druckknopf</li></ul>;;;;;;Auf Lager;Nicht mehr verfügbar;;;;;;;;;;;;;;;;;
85333;;Ixon Jacke HACKER GAME - Schwarz/Weiss/Rot;;;;;;;;;;MGDRPGIXBA151272;;;;;;;;;;;;;;;;;"In der Reihe Textilejacken für Herren, bietet Ihnen Ixon die ""Hacker Game"" eine vielseitige Sommerjacke";<ul><li>Atmungsaktives Textilmaterial</li><li>Standardkragen mit Verstärkung aus weichem Textilmaterial</li><li>Verstellbare Bündchen mit Seitenfalten</li><li>Weitenregulierung an Unterarmen, Ellbogen und Taille durch Druckknöpfe</li><li>2 seitliche Außentaschen mit Reissverschluss</li><li>2 Innentaschen</li></ul>;;;;;;Auf Lager;Nicht mehr verfügbar;;;;;;;;;;;;;;;;;
85334;;Ixon Jacke ADDICT FULL - Schwarz;;;;;;;;;;MGDRPGIXBC111081;;;;;;;;;;;;;;;;;Der ausgeprägt Look dieser Herrenlederjacke geht mit MotoGPExperience einher: Vorgeformte Ärmel, Lederstretch, Stretchmaterial mit KEVLAR®, für sportliches Fahren auf der Rennstrecke oder der Strasse.;<ul><li>100% Sehr geschmeidiges rindleder </li><li>Nahtloses Stretchmaterial mit KEVLAR® am Innenarmen und am Knie </li><li>Au?enprotektoren an Schultern und Ellbogen</li><li>Herausnehmbares Weste ohne Ärmel als Winterfutter</li><li>Racing Kragen und Nackenabdeckung mit Neopren</li><li>Lederstretch im hinteren Schulterbereich, Lendenwirbereich, und über dem Knie</li><li>Neopren Handgelenken mit Reissverschluss und Klett</li><li>Weitenregulierung durch Elastik und Klett am Gürtel</li><li>Vorgeformte Bein und Ärmel</li><li>Aerodynamischer Höcker mit Löchern</li><li>Geschmeidig und beständig 3D Logos an Schenkel</li><li>2 Fusstertaschen</li></ul>;;;;;;Auf Lager;Nicht mehr verfügbar;;;;;;;;;;;;;;;;;
85335;;Ixon Jacke CRYSTAL ROCK - Schwarz;;;;;;;;;;MGDRPGIXBC121014;;;;;;;;;;;;;;;;;Lederjacke für Damen. Mit dem herausnehmbaren Winterfutter kann Sie jedem Wetter angepasst werden. Durch flexibles Leder an den Seiten passt sich die Jacke jeder Körperform an. Unsere Crystal Rock ist CE genormt.;<ul><li>Material</li><li>100% dichtes und extra geschmeidiges Kuh-Leder</li><li>Lederstretch an den Seiten</li><li>Komplettes herausnehmbares Winterfutter</li></ul><p><strong>Komfort</strong></p><ul><li>Standardkragen</li><li>Nackenabdeckung mit Neopren</li><li>Weitenregulierung durch Druckknopfe an Kragen</li><li>Weitenregulierung mit Reissverschluss und Druckknopfe an den Handgelenken</li><li>Weitenregulierung an den Hüften durch Drückknöpfe</li><li>Klappe unter Reissverscluss an der Vorseite</li></ul><p><strong>Eigenschaften</strong></p><ul><li>2 Ausentaschen</li><li>1 Mobiltelefon Tasche</li><li>2 Fusstertaschen</li><li>1 Innentasche</li><li>Reissverschlussverbindung am Rücken</li></ul>;;;;;;Auf Lager;Nicht mehr verfügbar;;;;;;;;;;;;;;;;;
85336;;Ixon Jacke ADDICT AIR - Schwarz/Weiss/Rot;;;;;;;;;;MGDRPGIXBC121271;;;;;;;;;;;;;;;;;Der ausgeprägt Look dieser Herrenlederjacke geht mit MotoGPExperience einher: Vorgeformte Ärmel, Lederstretch, Stretchmaterial mit KEVLAR®, für sportliches Fahren auf der Rennstrecke oder der Strasse.;<ul><li>Au?enprotektoren an Schultern und Ellbogen</li><li>Nahtloses Stretchmaterial am Innenarmen und am Knie</li><li>Racing Kragen und Nackenabdeckung mit Neopren</li><li>Lederstretch im hinteren Schulterbereich, Lendenwirbereich, und über dem Knie</li><li>Vorgeformte Bein und Ärmel</li><li>Aerodynamischer Höcker mit Löchern</li><li>Neopren Handgelenke mit Reissverschluss und Klett</li><li>Atmungsaktive Lederjacke durch Perforierung</li><li>Weitenregulierung durch Elastizität und Klett am Gürtel</li><li>Herausnehmbare Weste ohne Ärmel als Winterfutter</li><li>2 Fusstertaschen</li><li>Geschmeidige und beständige 3D Logos</li></ul>;;;;;;Auf Lager;Nicht mehr verfügbar;;;;;;;;;;;;;;;;;
85337;;Ixon Jacke FULGURA - Weiss/Schwarz/Gold;;;;;;;;;;MGDRPGIXBC122141;;;;;;;;;;;;;;;;;Sportliche Damen-Lederjacke;<ul><li>MATERIAL: extra weiches Rindleder, Lederstretch seitlich. </li><li>INNENFussTER: herausnehmbare Weste ohne Ärmel als Winterfutter, atmungsaktiv. </li><li>AUSSTATTUNG: Reissverschlussverbindung am Rücken, 360°-VerbindungsReissverschluss in Taillenhöhe, CE-Protektoren an Schulter, Ellenbogen und Rücken, 2 Außentaschen, langer Verbinduns-Zipp, 1 Innentasche</li></ul>;;;;;;Auf Lager;Nicht mehr verfügbar;;;;;;;;;;;;;;;;;
85338;;Ixon Jacke FULGURA - Weiss/Schwarz/Rosa;;;;;;;;;;MGDRPGIXBC131191;;;;;;;;;;;;;;;;;Sportliche Damen-Lederjacke;<ul><li>MATERIAL: extra weiches Rindleder, Lederstretch seitlich. </li><li>INNENFussTER: herausnehmbare Weste ohne Ärmel als Winterfutter, atmungsaktiv. </li><li>AUSSTATTUNG: Reissverschlussverbindung am Rücken, 360°-VerbindungsReissverschluss in Taillenhöhe, CE-Protektoren an Schulter, Ellenbogen und Rücken, 2 Außentaschen, langer Verbinduns-Zipp, 1 Innentasche</li></ul>;;;;;;Auf Lager;Nicht mehr verfügbar;;;;;;;;;;;;;;;;;
85339;;Ixon Jacke CENTAUR - Schwarz;;;;;;;;;;MGDRPGIXBC141011;;;;;;;;;;;;;;;;;Unser Slogan «Creative bike Wear» veranschaulicht die Essenz der Marke IXON, ihr Versprechen und ihre tief empfundenen Ziele…;"<ul><li>Geschmeidiges Rindleder</li><li>Lederstretch an den Seiten und an den Innenarmen</li><li>Wasserdicht, atmungsaktiv und warm</li><li>mit herausnehmbarem Fusster</li><li>Lüftungen an Ärmel und Rücken mit Reissverschluss</li><li>Hoher Kragen Nackenabdeckung</li><li>Weitenregulierung mit Reissverschluss und Druckknöpfe an den Handgelenken</li><li>Weitenregulierung durch Schnalle und Klett am Kragen</li><li>Weitenregulierung durch Schnalle an den Armen</li><li>Weitenregulierung durch Schnalle und Klett an den Hüften</li><li>Klappe über dem FrontReissverschluss</li><li>4 Außentaschen</li><li>2 Fusstertaschen</li><li>2 Innentaschen</li><li>360° umlaufende Reissverschlussverbindung in Taillenhöhe<br><iframe width=""560"" height=""315"" src=""https://www.youtube.com/embed/Oto4hC_yTr4?controls=0&amp;showinfo=0"" frameborder=""0"" allowFusslscreen></iframe>";;;;;;Auf Lager;Nicht mehr verfügbar;;;;;;;;;;;;;;;;;
85340;;Ixon Jacke FEVER - Schwarz/Weiss/Pink;;;;;;;;;;MGDRPGIXBC141191;;;;;;;;;;;;;;;;;Racing Lederjacke , CE-zertifiziert , sehr erschwinglich. Das abnehmbare Winterfutter ermöglicht eine Verwendung zu allen Jahreszeiten.;"<ul><li>Material</li><li>100% Rindleder</li><li>Komplett herausnehmbares Winterfutter</li></ul><p><strong>Komfort</strong></p><ul><li>Racing Kragen</li><li>Nackenabdeckung mit Neopren</li><li>Weitenregulierung mit Reissverschluss und Klett an den Handgelenken</li><li>Weitenregulierung durch Schnalle und Klett an den Hüften</li><li>Klappe unter Reissverschluss an der Vorderseite</li></ul><p><strong>Eigenschaften</strong></p><ul><li>2 Ausentaschen</li><li>1 Mobiltelefon Tasche</li><li>2 Fusstertaschen</li><li>2 Innentaschen</li><li>Reissverschlussverbindung am Rücken</li></ul><br><iframe width=""560"" height=""315"" src=""https://www.youtube.com/embed/u8qSqu0B2KM?controls=0&amp;showinfo=0"" frameborder=""0"" allowFusslscreen></iframe>";;;;;;Auf Lager;Nicht mehr verfügbar;;;;;;;;;;;;;;;;;
85341;;Ixon Jacke PISTON - Braun;;;;;;;;;;MGDRPGIXBC146011;;;;;;;;;;;;;;;;;Diese café-racer Jacke bietet weiches und imprägniertem Leder. Sie ist CE zertifiziert und verfügt über Protektoren an den Ellbogen und den Schultern.;<ul><li>Material</li><li>Sehr geschmeidiges Leder</li><li>Komplettes herausnehmbares Winterfutter</li><li>Gepolsterte Verstärkungen an Ellbogen und Schultern</li></ul><p><strong>Komfort</strong></p><ul><li>Racing Kragen</li><li>Nackenabdeckung mit Leder</li><li>Weitenregulierung mit Reissverschluss und Druckknöpfen an den Handgelenken</li><li>Weitenregulierung durch Druckknöpfe am Kragen</li><li>Weitenregulierung durch Schnalle und Klett an den Hüften</li><li>Klappe über dem FrontReissverschluss</li></ul><p><strong>Eigenschaften</strong></p><ul><li>2 Außentaschen</li><li>1 wasserdichte Tasche</li><li>3 Fusstertaschen</li><li>1 Innentasche</li><li>Reissverschlussverbindung am Rücken</li><li>360° umlaufende Reissverschlussverbindung in Taillenhöhe</li></ul>;;;;;;Auf Lager;Nicht mehr verfügbar;;;;;;;;;;;;;;;;;
85342;;Ixon Jacke EXOCET - Schwarz/Weiss/Gelb;;;;;;;;;;MGDRPGIXBC151081;;;;;;;;;;;;;;;;;Hochleistungs- Rennjacke für Männer, CE-zertifiziert , im Aussehen sowie technisch inspiriert von der Mirage Kombi. Aus Rindsleder , mit verstärkten Stretcheinsätze und platzierte Perforationen , es verfügt über äußeren Schalen und CE -Protektoren an Ellbogen und Schultern.;"<ul><li>Material</li><li>Dichtes und geschmeidiges Kuh-Leder</li><li>Leder mit Perforierung an Brust</li><li>Herausnehmbare Weste ohne Ärmel als Winterfutter</li><li>Außenprotektoren an Ellbogen und Schulter.</li></ul><p><strong>Komfort</strong></p><ul><li>Lederstretch im hinteren Schulterbereich</li><li>Stretch mit Faser-Verstärkung an den Innenarmen</li></ul><p><strong>Eigenschaften</strong></p><ul><li>Racingkragen</li><li>Nackenabdeckung mit Neopren</li><li>Weitenregulierung mit Klett und Reissverschluss an den Handgelenken</li><li>2 Außentaschen</li><li>2 Fusstertaschen</li><li>2 Innentaschen</li><li>360° umlaufende Reissverschlussverbindung in Taillenhöhe</li><li>Reissverschlussverbindung am Rücken</li></ul><br><iframe width=""560"" height=""315"" src=""https://www.youtube.com/embed/0hLR_n4s1j4?controls=0&amp;showinfo=0"" frameborder=""0"" allowFusslscreen></iframe>";;;;;;Auf Lager;Nicht mehr verfügbar;;;;;;;;;;;;;;;;;
85343;;Ixon Jacke SHIROKI HP - Schwarz;;;;;;;;;;MGDRPGIXBM141012;;;;;;;;;;;;;;;;;Diese Sportjacke Shiroki HP ist sehr komplett, wasserdicht, atmungsaktiv und warm zugleich. CE zertifiziert .;<ul><li>Material</li><li>Wasserdicht und atmungsaktiv Drymesh Einsätze</li><li>Komplett herausnehmbares Winterfutter</li><li>Lüftung mit Reissverschluss an Brust und Rücken</li><li>Reflektoren Streifen am Rücken</li></ul><p><strong>Komfort</strong></p><ul><li>Standardkragen</li><li>Nackenabdeckung mit Neopren</li><li>Weitenregulierung durch Druckknöpfe am Kragen</li><li>Weitenregulierung mit Klett an den Handgelenken</li><li>Verstellbar an den Ärmeln durch Druckknöpfe</li><li>Weitenregulierung durch elastisches Material und Klett an den Hüften</li><li>Klappe über dem FrontReissverschlu?</li></ul><p><strong>Eigenschaften</strong></p><ul><li>3 Ausentaschen</li><li>1 wasserdichte Tasche</li><li>2 Fusstertaschen</li><li>2 Innentaschen</li><li>Reissverschlussverbindung am Rücken</li></ul>;;;;;;Auf Lager;Nicht mehr verfügbar;;;;;;;;;;;;;;;;;
85344;;Ixon Jacke DUAL - Schwarz/Weiss/Rot;;;;;;;;;;MGDRPGIXBM161271;;;;;;;;;;;;;;;;;Diese neue Textiljacke repräsentiert starke Persönlichkeit , zwischen Rennsport und Streetwear -Stil, mit Kontraststreifen und einem Hoody als Winterfutter. Diese Jacke ist wasserdicht, atmungsaktiv und warm, mit einem herausnehmbaren Innenfutter, das separat getragen werden kann. Der Schnitt ist gerade, jedoch mit Flexeinsätzen auf der Rückseite und im Armausschnitt.;<ul><li>Material</li><li>Sehr geschmeidiges Noxitex Material</li><li>Wasserdichtes und atmungsaktives Drymesh Einsätze</li><li>Herausnehmbares Winterfutter, die als eine Sportswear-Jacke getragen werden kann</li><li>Mit langem Reissverschluss verschlie?bare Belüftungen im Brustbereich und Rücken</li><li>Flex hinten am Armöffnung</li></ul><p><strong>Komfort</strong></p><ul><li>Racingkragen</li><li>Weitenregulierung mit klett an den Handgelenken</li><li>Weitenregulierung durch Schnalle und Klett an den Hüften</li><li>Klappe unter Reissverscluss an der Vorseite</li></ul><p><strong>Eigenschaften</strong></p><ul><li>2 Ausentaschen</li><li>1 wasserdichte Tasche</li><li>2 Fusstertaschen</li><li>2 Innentaschen</li><li>Reissverschlussverbindung am Rücken</li></ul>;;;;;;Auf Lager;Nicht mehr verfügbar;;;;;;;;;;;;;;;;;
85345;;Ixon Jacke TITANIUM - Schwarz;;;;;;;;;;MGDRPGIXBW111011;;;;;;;;;;;;;;;;;Vorbildlich mit der besten Technologie aus dem Hause Ixon, die Jacke Ixon Titanium für Männer, bietet die besten technischen Eigenschaften sowie einen agressiven & dynamischen Stil, besonders für die Sportlichen der Strasse;<ul><li>Fest eingenähtes 3D Mesh Fusster Mit Reissverschluss</li><li>verschlie?bare Belüftungen an Brust und Rücken</li><li>Herausnehmbares Winterfutter mit wasserdichten und atmungsaktiven Einsätzen</li><li>Riplan-verstärkung an Schultern</li><li>Au?enprotektoren an Schultern</li><li>Racing Kragen und Nackenabdeckung mit Neopren</li><li>Stretcheinsatz am Ellbogen und im hinteren Schulterbereich</li><li>3D Polster am Brust und Rucken</li><li>Weitenregulierung durch Klett an Handgelenken und an den Hüften</li><li>2 Taschen mit Reissverschluss</li><li>2 Innentaschen Reflektierende Logos an Ärmel.</li></ul>;;;;;;Auf Lager;Nicht mehr verfügbar;;;;;;;;;;;;;;;;;
85346;;Ixon Jacke ELECTRA - Schwarz/Aubergine;;;;;;;;;;MGDRPGIXBW111681;;;;;;;;;;;;;;;;;3 in 1 Damen Jacke. Die wasserdichte Einlage und das Winterfutter sind herausnehmbar. Somit ist die Jacke die ganze Saison hindurch extrem vielseitig.;<ul><li>Material</li><li>Vielseitig Jacke 3 in 1</li><li>Atmungsaktives Textilmaterial am Rücken und im Frontbereich</li><li>Wasserdichtes mit abnehmbarem Einsatz</li><li>Komplettes herausnehmbares Winterfutter mit Reissverschluss</li></ul><p><strong>Komfort</strong></p><ul><li>Standardkragen</li><li>Weitenregulierung durch Druckknopfe an Kragen</li><li>Weitenregulierung durch Klett an den Handgelenken</li><li>Verstellbar an den Ärmeln mit Druckknöpfen</li><li>Weitenregulierung an den Hüften mit Reissverschluss und Drückknöpfe</li><li>Klappe unter Reissverscluss an der Vorseite</li></ul><p><strong>Eigenschaften</strong></p><ul><li>2 Ausentaschen</li><li>3 Fusstertaschen</li><li>2 Innentaschen</li><li>Verbindung mit Schlaufe und Druckknopf</li></ul>;;;;;;Auf Lager;Nicht mehr verfügbar;;;;;;;;;;;;;;;;;
85347;;Ixon Jacke EAGER - Schwarz/Weiss;;;;;;;;;;MGDRPGIXBW131151;;;;;;;;;;;;;;;;;Einstiegsmodell, diese Textiljacke bietet nicht weniger Oberflächen und sehr qualitativen Komfort. Unter seinem Racing-Look, wasserdichte und atmungsaktive Einsätze sowie ein herausnehmbares Winterfutterfür den Einsatz bei jedem Wetter;<ul><li>Material</li><li>Wasserdichte und atmungsaktive Einsätze</li><li>Komplette herausnehmbares Winterfutter</li></ul><p><strong>Komfort</strong></p><ul><li>Racing Kragen</li><li>Weitenregulierung ducrh Klett an den Handgelenken</li><li>Weitenregulierung an den Hüften durch Klett</li><li>Klappe unter Reissverscluss an der Vorseite</li></ul><p><strong>Eigenschaften</strong></p><ul><li>2 Ausentaschen</li><li>1 Mobiltelefon Tasche</li><li>2 Fusstertaschen</li><li>1 Innentasche</li></ul>;;;;;;Auf Lager;Nicht mehr verfügbar;;;;;;;;;;;;;;;;;
85348;;Ixon Jacke EAGER - Schwarz/Weiss/Rot;;;;;;;;;;MGDRPGIXBW131271;;;;;;;;;;;;;;;;;Einstiegsmodell, diese Textiljacke bietet nicht weniger Oberflächen und sehr qualitativen Komfort. Unter seinem Racing-Look, wasserdichte und atmungsaktive Einsätze sowie ein herausnehmbares Winterfutterfür den Einsatz bei jedem Wetter;<ul><li>Material</li><li>Wasserdichte und atmungsaktive Einsätze</li><li>Komplette herausnehmbares Winterfutter</li></ul><p><strong>Komfort</strong></p><ul><li>Racing Kragen</li><li>Weitenregulierung ducrh Klett an den Handgelenken</li><li>Weitenregulierung an den Hüften durch Klett</li><li>Klappe unter Reissverscluss an der Vorseite</li></ul><p><strong>Eigenschaften</strong></p><ul><li>2 Ausentaschen</li><li>1 Mobiltelefon Tasche</li><li>2 Fusstertaschen</li><li>1 Innentasche</li></ul>;;;;;;Auf Lager;Nicht mehr verfügbar;;;;;;;;;;;;;;;;;
85349;;Ixon Jacke EAGER - Schwarz/Weiss/Blau;;;;;;;;;;MGDRPGIXBW141161;;;;;;;;;;;;;;;;;Einstiegsmodell, diese Textiljacke bietet nicht weniger Oberflächen und sehr qualitativen Komfort. Unter seinem Racing-Look, wasserdichte und atmungsaktive Einsätze sowie ein herausnehmbares Winterfutterfür den Einsatz bei jedem Wetter;<ul><li>Material</li><li>Wasserdichte und atmungsaktive Einsätze</li><li>Komplette herausnehmbares Winterfutter</li></ul><p><strong>Komfort</strong></p><ul><li>Racing Kragen</li><li>Weitenregulierung ducrh Klett an den Handgelenken</li><li>Weitenregulierung an den Hüften durch Klett</li><li>Klappe unter Reissverscluss an der Vorseite</li></ul><p><strong>Eigenschaften</strong></p><ul><li>2 Ausentaschen</li><li>1 Mobiltelefon Tasche</li><li>2 Fusstertaschen</li><li>1 Innentasche</li></ul>;;;;;;Auf Lager;Nicht mehr verfügbar;;;;;;;;;;;;;;;;;
85350;;Ixon Jacke ELECTRA - Schwarz/Weiss/Pink;;;;;;;;;;MGDRPGIXBW151191;;;;;;;;;;;;;;;;;3 in 1 Damen Jacke. Die wasserdichte Einlage und das Winterfutter sind herausnehmbar. Somit ist die Jacke die ganze Saison hindurch extrem vielseitig.;<ul><li>Material</li><li>Vielseitig Jacke 3 in 1</li><li>Atmungsaktives Textilmaterial am Rücken und im Frontbereich</li><li>Wasserdichtes mit abnehmbarem Einsatz</li><li>Komplettes herausnehmbares Winterfutter mit Reissverschluss</li></ul><p><strong>Komfort</strong></p><ul><li>Standardkragen</li><li>Weitenregulierung durch Druckknopfe an Kragen</li><li>Weitenregulierung durch Klett an den Handgelenken</li><li>Verstellbar an den Ärmeln mit Druckknöpfen</li><li>Weitenregulierung an den Hüften mit Reissverschluss und Drückknöpfe</li><li>Klappe unter Reissverscluss an der Vorseite</li></ul><p><strong>Eigenschaften</strong></p><ul><li>2 Ausentaschen</li><li>3 Fusstertaschen</li><li>2 Innentaschen</li><li>Verbindung mit Schlaufe und Druckknopf</li></ul>;;;;;;Auf Lager;Nicht mehr verfügbar;;;;;;;;;;;;;;;;;
85351;;Ixon Jacke ELECTRA - Schwarz;;;;;;;;;;MGDRPGIXBW151771;;;;;;;;;;;;;;;;;3 in 1 Damen Jacke. Die wasserdichte Einlage und das Winterfutter sind herausnehmbar. Somit ist die Jacke die ganze Saison hindurch extrem vielseitig.;<ul><li>Material</li><li>Vielseitig Jacke 3 in 1</li><li>Atmungsaktives Textilmaterial am Rücken und im Frontbereich</li><li>Wasserdichtes mit abnehmbarem Einsatz</li><li>Komplettes herausnehmbares Winterfutter mit Reissverschluss</li></ul><p><strong>Komfort</strong></p><ul><li>Standardkragen</li><li>Weitenregulierung durch Druckknopfe an Kragen</li><li>Weitenregulierung durch Klett an den Handgelenken</li><li>Verstellbar an den Ärmeln mit Druckknöpfen</li><li>Weitenregulierung an den Hüften mit Reissverschluss und Drückknöpfe</li><li>Klappe unter Reissverscluss an der Vorseite</li></ul><p><strong>Eigenschaften</strong></p><ul><li>2 Ausentaschen</li><li>3 Fusstertaschen</li><li>2 Innentaschen</li><li>Verbindung mit Schlaufe und Druckknopf</li></ul>;;;;;;Auf Lager;Nicht mehr verfügbar;;;;;;;;;;;;;;;;;
85352;;Ixon Schuhe SOLDIER WP - Schwarz;;;;;;;;;;MGDRPGIXCR151011;;;;;;;;;;;;;;;;;Racing-Turnschuhe, wasserdicht und CE zertifiziert. Bequem mit kurzen Schaft, technisch ausgeklügelt und ausgestattet mit Knöchel-Verstärkungen auf beiden Seiten des Fußes.;<ul><li>Material</li><li>Wasserdicht und atmungsaktiv mit Einsatz</li><li></li><li>Interne Verstärkungen und externe Gummierung auf jeder Seite des Knöchels</li><li>Verstärkungen an ausgewählten Punkten</li><li></li><li>Einfaches anziehen dank einer rückseitigen Schnalle</li></ul><p><strong>Komfort</strong></p><ul><li>Sehr praktisches Schnellverschlu?system</li><li>Weitenregulierung durch Klett und Schnalle am Fussgelenk</li><li>Rutschfeste Sohle</li><li>Antibakterielle Innenschuhsohle</li></ul><p><strong>Eigenschaften</strong></p><ul><li>Reflexstreifen auf der Rückseite</li></ul>;;;;;;Auf Lager;Nicht mehr verfügbar;;;;;;;;;;;;;;;;;
85353;;Ixon Schuhe SLACK LADY - Schwarz/Weiss;;;;;;;;;;MGDRPGIXCR151152;;;;;;;;;;;;;;;;;Sehr gutes Preis-Leistungsverhältnis für diesen CE zertifizierten, wasserdichten, speziell für den Einsatz mit Motorräder entwickelten Damenschuh. Verfügt über Verstärkungen am Knöchel und für den Wähler.;<ul><li>Material</li><li>Wasserdicht und atmungsaktiv mit Einsatz</li></ul><p><strong>Komfort</strong></p><ul><li>Einfache anzuziehen dank einer Reissverschlussbefestigung an der Innenseite</li><li>Weitenregulierung durch Klett und Schnalle am Fussgelenk</li><li>Rutschfeste Sohle</li><li>Antibakterielle Innenschuhsohle</li><li>Vorgeformte zur Anpassung an Fussrasten</li><li>Knöchelverstärkung innen und außen und mit Schalthebelverstärkung im Carbon-look</li></ul><p><strong>Eigenschaften</strong></p><ul><li>Verschluss mit Schnürung, Tasche auf der Zunge für die Schnürsenkel</li><li>Geliefert mit 2 Paar Schnürsenkel : 1 mal schwarz und 1 mal farbig</li></ul>;;;;;;Auf Lager;Nicht mehr verfügbar;;;;;;;;;;;;;;;;;
85354;;Ixon Schuhe SLACK LADY - Schwarz/Weiss/Pink;;;;;;;;;;MGDRPGIXCR151192;;;;;;;;;;;;;;;;;Sehr gutes Preis-Leistungsverhältnis für diesen CE zertifizierten, wasserdichten, speziell für den Einsatz mit Motorräder entwickelten Damenschuh. Verfügt über Verstärkungen am Knöchel und für den Wähler.;<ul><li>Material</li><li>Wasserdicht und atmungsaktiv mit Einsatz</li></ul><p><strong>Komfort</strong></p><ul><li>Einfache anzuziehen dank einer Reissverschlussbefestigung an der Innenseite</li><li>Weitenregulierung durch Klett und Schnalle am Fussgelenk</li><li>Rutschfeste Sohle</li><li>Antibakterielle Innenschuhsohle</li><li>Vorgeformte zur Anpassung an Fussrasten</li><li>Knöchelverstärkung innen und außen und mit Schalthebelverstärkung im Carbon-look</li></ul><p><strong>Eigenschaften</strong></p><ul><li>Verschluss mit Schnürung, Tasche auf der Zunge für die Schnürsenkel</li><li>Geliefert mit 2 Paar Schnürsenkel : 1 mal schwarz und 1 mal farbig</li></ul>;;;;;;Auf Lager;Nicht mehr verfügbar;;;;;;;;;;;;;;;;;
85355;;Ixon Schuhe SOLDIER WP - Schwarz/Rot;;;;;;;;;;MGDRPGIXCR151581;;;;;;;;;;;;;;;;;Racing-Turnschuhe, wasserdicht und CE zertifiziert. Bequem mit kurzen Schaft, technisch ausgeklügelt und ausgestattet mit Knöchel-Verstärkungen auf beiden Seiten des Fußes.;<ul><li>Material</li><li>Wasserdicht und atmungsaktiv mit Einsatz</li><li></li><li>Interne Verstärkungen und externe Gummierung auf jeder Seite des Knöchels</li><li>Verstärkungen an ausgewählten Punkten</li><li></li><li>Einfaches anziehen dank einer rückseitigen Schnalle</li></ul><p><strong>Komfort</strong></p><ul><li>Sehr praktisches Schnellverschlu?system</li><li>Weitenregulierung durch Klett und Schnalle am Fussgelenk</li><li>Rutschfeste Sohle</li><li>Antibakterielle Innenschuhsohle</li></ul><p><strong>Eigenschaften</strong></p><ul><li>Reflexstreifen auf der Rückseite</li></ul>;;;;;;Auf Lager;Nicht mehr verfügbar;;;;;;;;;;;;;;;;;
85356;;Ixon Schuhe SLACK WP - Braun/Weiss;;;;;;;;;;MGDRPGIXCR156161;;;;;;;;;;;;;;;;;Sehr gutes Preis-Leistungsverhältnis für diesen CE zertifizierten, wasserdichten, speziell für den Einsatz mit Motorräder entwickelten Männerschuh. Verfügt über Verstärkungen am Knöchel und für den Wähler.;<ul><li>Material</li><li>Wasserdicht und atmungsaktiv mit Einsatz</li><li>Knöchelverstärkung innen und außen und mit Schalthebelverstärkung im Carbon-look</li></ul><p><strong>Komfort</strong></p><ul><li>Verschluss mit Schnürung, Tasche auf der Zunge für die Schnürsenkel</li><li>Einfache anzuziehen dank einer Reissverschlussbefestigung an der Innenseite</li><li>Weitenregulierung durch Klett und Schnalle am Fussgelenk</li><li>Rutschfeste Sohle</li><li>Antibakterielle Innenschuhsohle</li><li>Vorgeformte zur Anpassung an Fussrasten</li></ul><p><strong>Eigenschaften</strong></p><ul><li>Geliefert mit 2 Paar Schnürsenkel : 1 mal schwarz und 1 mal farbig</li></ul>;;;;;;Auf Lager;Nicht mehr verfügbar;;;;;;;;;;;;;;;;;
85357;;Ixon SUR GANT;;;;;;;;;;MGDRPGIXEP081011;;;;;;;;;;;;;;;;;Sollte Teil einer jeden guten Grundausrüstung sein;<ul><li>Regenüberziehhandschuhe</li><li>Gummizug am Handgelenk</li><li>Weitenregulierung mit Stopper am Ende der Stulpe</li></ul>;;;;;;Auf Lager;Nicht mehr verfügbar;;;;;;;;;;;;;;;;;
85358;;Ixon Handschuhe RS FLIP - Schwarz;;;;;;;;;;MGDRPGIXGL111011;;;;;;;;;;;;;;;;;Roadster Männerhandschuh. CE geprüft. Mit guter Belüftung und Knöchelprotektoren. Der 2-teilige Protektor und das Gummi Verstellband sorgen für einen sportlichen Look.;<p><strong>Materialien</p></strong><ul><li>Ziege-Leder mit Perforierung, Mesh und Lycra</li><li>Mit dem Leder verleimtes BaumwollFusster</li><li>Verstärkung auf der Handfläche mit Chamude</li><li>Knöchelprotektoren auf den Handdrücken in 2 Teile mit Ventilation</li></ul><p><strong>Komfort</p></strong><ul><li>Sehr kurze Stulpe in Neopren mit Rubber und Weitenregulierung durch Klett</li></ul>;;;;;;Auf Lager;Nicht mehr verfügbar;;;;;;;;;;;;;;;;;
85359;;Ixon Handschuhe RS FLIP - Schwarz/Weiss;;;;;;;;;;MGDRPGIXGL111151;;;;;;;;;;;;;;;;;Roadster Männerhandschuh. CE geprüft. Mit guter Belüftung und Knöchelprotektoren. Der 2-teilige Protektor und das Gummi Verstellband sorgen für einen sportlichen Look.;<p><strong>Materialien</p></strong><ul><li>Ziege-Leder mit Perforierung, Mesh und Lycra</li><li>Mit dem Leder verleimtes BaumwollFusster</li><li>Verstärkung auf der Handfläche mit Chamude</li><li>Knöchelprotektoren auf den Handdrücken in 2 Teile mit Ventilation</li></ul><p><strong>Komfort</p></strong><ul><li>Sehr kurze Stulpe in Neopren mit Rubber und Weitenregulierung durch Klett</li></ul>;;;;;;Auf Lager;Nicht mehr verfügbar;;;;;;;;;;;;;;;;;
85360;;Ixon Handschuhe RS LIFT HP - Schwarz;;;;;;;;;;MGDRPGIXGL131012;;;;;;;;;;;;;;;;;Dieser kleine Sommerhandschuh ist sehr leicht und bequem aus nubuck und strech. Er ist nicht weniger schützend da er CE zertifiziert ist. Verfügbar in 6 Farbvarianten;<p><strong>Materialien</p></strong><ul><li>Strecht-Material</li><li>Verstärkte Handflächen</li><li>Geschmeidige, integrierte Knöchelprotektoren am Handrücken.</li></ul><p><strong>Komfort</p></strong><ul><li>Kurzes Neoprenbündchen</li></ul>;;;;;;Auf Lager;Nicht mehr verfügbar;;;;;;;;;;;;;;;;;
85361;;Ixon Handschuhe RS LIFT HP - Schwarz/Orange;;;;;;;;;;MGDRPGIXGL131551;;;;;;;;;;;;;;;;;Dieser kleine Sommerhandschuh ist sehr leicht und bequem aus nubuck und strech. Er ist nicht weniger schützend da er CE zertifiziert ist. Verfügbar in 6 Farbvarianten;<p><strong>Materialien</p></strong><ul><li>Strecht-Material</li><li>Verstärkte Handflächen</li><li>Geschmeidige, integrierte Knöchelprotektoren am Handrücken.</li></ul><p><strong>Komfort</p></strong><ul><li>Kurzes Neoprenbündchen</li></ul>;;;;;;Auf Lager;Nicht mehr verfügbar;;;;;;;;;;;;;;;;;
85362;;Ixon Handschuhe RS LIFT HP - Schwarz/Grün;;;;;;;;;;MGDRPGIXGL131611;;;;;;;;;;;;;;;;;Dieser kleine Sommerhandschuh ist sehr leicht und bequem aus nubuck und strech. Er ist nicht weniger schützend da er CE zertifiziert ist. Verfügbar in 6 Farbvarianten;<p><strong>Materialien</p></strong><ul><li>Strecht-Material</li><li>Verstärkte Handflächen</li><li>Geschmeidige, integrierte Knöchelprotektoren am Handrücken.</li></ul><p><strong>Komfort</p></strong><ul><li>Kurzes Neoprenbündchen</li></ul>;;;;;;Auf Lager;Nicht mehr verfügbar;;;;;;;;;;;;;;;;;
85363;;Ixon Handschuhe RS GRIP LADY HP - Schwarz/Weiss;;;;;;;;;;MGDRPGIXGL141152;;;;;;;;;;;;;;;;;"Roadster Damen-Handschuh, gleichzeitig schlicht und sportlich; die Neueheit vervollständigt perfekt das Segment Roadster und das zu einem super Preis-/Leistungsverhältnis.";<p><strong>Materialien</p></strong><ul><li>Stretchmaterialien, Leder und Neopren</li><li>Lederverstärkung auf der Handfläche mit Slider an der Seite</li><li>Exklusive Knöchelprotektoren auf dem Handrücken</li><li>Lycra zwischen den Fingern</li><li>Feines Jersey-Fusster</li></ul><p><strong>Komfort</p></strong><ul><li>Kurze Stulpe aus Neopren</li></ul>;;;;;;Auf Lager;Nicht mehr verfügbar;;;;;;;;;;;;;;;;;
85364;;Ixon Handschuhe RS GRIP LADY HP - Schwarz/Weiss/Pink;;;;;;;;;;MGDRPGIXGL141191;;;;;;;;;;;;;;;;;"Roadster Damen-Handschuh, gleichzeitig schlicht und sportlich; die Neueheit vervollständigt perfekt das Segment Roadster und das zu einem super Preis-/Leistungsverhältnis.";<p><strong>Materialien</p></strong><ul><li>Stretchmaterialien, Leder und Neopren</li><li>Lederverstärkung auf der Handfläche mit Slider an der Seite</li><li>Exklusive Knöchelprotektoren auf dem Handrücken</li><li>Lycra zwischen den Fingern</li><li>Feines Jersey-Fusster</li></ul><p><strong>Komfort</p></strong><ul><li>Kurze Stulpe aus Neopren</li></ul>;;;;;;Auf Lager;Nicht mehr verfügbar;;;;;;;;;;;;;;;;;
85365;;Ixon Handschuhe RS LIFT LADY HP - Schwarz/Weiss/Pink;;;;;;;;;;MGDRPGIXGL141192;;;;;;;;;;;;;;;;;Dieser kleine Damen-Sommerhandschuh ist sehr leicht und bequem aus nubuck und strech. Er ist nicht weniger schützend da er CE zertifiziert ist. Verfügbar in 6 Farbvarianten;<p><strong>Materialien</p></strong><ul><li>Stretch-Material mit Perforierungen</li><li>Schaum- und Wildlederverstärkungen auf der Handfläche</li><li>Geschmeidige, integrierte Knöchelprotektoren am Handrücken</li></ul><p><strong>Komfort</p></strong><ul><li>Kurze Stulpe aus Neopren mit Weitenregulierung durch Klett</li><li>Feines Jersey-Fusster</li></ul>;;;;;;Auf Lager;Nicht mehr verfügbar;;;;;;;;;;;;;;;;;
85366;;Ixon Handschuhe RS LIFT LADY HP - Schwarz/Weiss/Blau;;;;;;;;;;MGDRPGIXGL141791;;;;;;;;;;;;;;;;;Dieser kleine Damen-Sommerhandschuh ist sehr leicht und bequem aus nubuck und strech. Er ist nicht weniger schützend da er CE zertifiziert ist. Verfügbar in 6 Farbvarianten;<p><strong>Materialien</p></strong><ul><li>Stretch-Material mit Perforierungen</li><li>Schaum- und Wildlederverstärkungen auf der Handfläche</li><li>Geschmeidige, integrierte Knöchelprotektoren am Handrücken</li></ul><p><strong>Komfort</p></strong><ul><li>Kurze Stulpe aus Neopren mit Weitenregulierung durch Klett</li><li>Feines Jersey-Fusster</li></ul>;;;;;;Auf Lager;Nicht mehr verfügbar;;;;;;;;;;;;;;;;;
85367;;Ixon Handschuhe RS PRO HP - Schwarz/Grün;;;;;;;;;;MGDRPGIXGR151611;;;;;;;;;;;;;;;;;Die neueste Generation von High-End Rennhandschuhen in Kuh-Ziege und Känguruh-Leder. Getestet und getragen von den weltbesten Fahrern ist der Handschuh die Vollendung in puncto Sicherheit und Komfort.;<p><strong>Materialien</p></strong><ul><li>Ziegen,Kuh und Känguru-Leder</li><li>Känguru-Leder auf der Handfläche</li><li>Faser Verstärkung Nähte</li><li>Fusster in polyester jersey verstärkt</li><li>Exklusive Karbonknöchelprotektoren auf dem Handrücken mit Lüftung</li><li>Verstärkungen auf dem Erbsenbein und Kahnbein</li><li>Slider an Seite der Handfläche</li></ul><p><strong>Komfort</p></strong><ul><li>Weitenregulierung am Handgelenk mit Klettverschluss, Schlaufen, und Rubber</li><li>Lange Stulpe mit Weitenregulierung durch 2 Kletten</li></ul>;;;;;;Auf Lager;Nicht mehr verfügbar;;;;;;;;;;;;;;;;;
85368;;Ixon Handschuhe PRO LEVEL 2 - Schwarz;;;;;;;;;;MGDRPGIXGT081012;;;;;;;;;;;;;;;;;Herren Handschuh aus Stoff, wasserdicht und Warm, geeignet für die Wintersaison.;<ul><li>Halblange Stulpe mit Weitenregulierung</li><li>Elastisches Material und Weitenregulierung am Handgelenk</li><li>Lederverstärkung auf der Handfläche</li><li>Vorgekrümmte Finger</li><li>Wasserdicht handschuhe mit Winterfutter</li></ul>;;;;;;Auf Lager;Nicht mehr verfügbar;;;;;;;;;;;;;;;;;
85369;;Ixon Handschuhe PRO SHELL VX HP - Schwarz;;;;;;;;;;MGDRPGIXGT101012;;;;;;;;;;;;;;;;;CE zertifiziert Männerhandschuh. Zu 100 % aus 3-lagigem Softshell. Wasserdicht, atmungsaktiv und sehr warm. Gut geeignet für Fahrten bei kaltem Wetter.;<p><strong>Materialien</p></strong><ul><li>Handschuhe in Softshell mit wasserdicht und atmungsaktiv Einsatz</li><li>Thinsulate und Thermolite Winterfutter</li><li>Kunststoffeprotektoren auf den Handknöcheln</li><li>Lederverstärkung auf der Handfläche</li></ul><p><strong>Komfort</p></strong><ul><li>Weitenregulierung an der Stuple mit rubber</li><li>Weitenregulierung an Handgelenken durch Elastisches Material</li></ul>;;;;;;Auf Lager;Nicht mehr verfügbar;;;;;;;;;;;;;;;;;
85370;;Ixon Handschuhe RS WALL HP - Schwarz;;;;;;;;;;MGDRPGIXGT111012;;;;;;;;;;;;;;;;;Männerhandschuh für die Zwischenseason. Wasserdicht und mit leichter Isolierung. Der Handschuh ist dank seiner softshell Stoffe sehr leicht und CE genormt. Unser Sensitive Touch System erlaubt darüberhinaus die Bedienung von Touch screens. Perfekt geignet für den urbanen Gebrauch.;<p><strong>Materialien</p></strong><ul><li>Wasserdichte und atmungsaktive mit HIPORA Einsatz</li><li>Komplettes Winterfutter</li><li>Integrierte Knöchelprotektoren auf den Handrücken</li><li>Verstärkung auf der Handfläche mit Chamude</li></ul><p><strong>Komfort</p></strong><ul><li>Elastisches Material und Weitenregulierung durch Klett am Handgelenk</li><li>Halb-lange Stulpe</li></ul>;;;;;;Auf Lager;Nicht mehr verfügbar;;;;;;;;;;;;;;;;;
85371;;Ixon Handschuhe PRO BLIZZARD HP - Schwarz;;;;;;;;;;MGDRPGIXGT121013;;;;;;;;;;;;;;;;;Wasserdichter und sehr warmer Winterhandschuh. Mit langer Stulpe und im Design integrierte Knöchel-protektoren. Der perfekt Touring-Handschuh. Unser Sensitive Touch System erlaubt darüberhinaus die Bedienung von Touch screens.;<p><strong>Materialien</p></strong><ul><li>Wasserdichte und atmungsaktive mit HIPORA Einsatz</li><li>Komplettes Winterfutter</li><li>Integrierte Knöchelprotektoren auf den Handrücken</li><li>Verstärkung auf der Handfläche mit Chamude</li></ul><p><strong>Komfort</p></strong><ul><li>Lange Stulpe mit Seitenfalten und Weitenregulierung durch Klett</li><li>Elastisches Material und Weitenregulierung durch Klett am Handgelenk</li></ul>;;;;;;Auf Lager;Nicht mehr verfügbar;;;;;;;;;;;;;;;;;
85372;;Ixon Handschuhe PRO BLAZE HP - Schwarz;;;;;;;;;;MGDRPGIXGT131011;;;;;;;;;;;;;;;;;Dieser Winterhandschuh ist dünn und warm zugleich.;<p><strong>Materialien</p></strong><ul><li>Textil Handschuhe</li><li>Wasserdichte und atmungsaktive Hipora-Einsätze</li><li>Dickes Winterfutter auf Handrücken: unter und über der Membrane</li><li>Winterfutter auf der Handfläche</li><li>Knöchelprotektoren auf den Handrücken</li></ul>;;;;;;Auf Lager;Nicht mehr verfügbar;;;;;;;;;;;;;;;;;
85373;;Ixon Handschuhe PRO APEX 2 HP - Schwarz;;;;;;;;;;MGDRPGIXGT131013;;;;;;;;;;;;;;;;;Winterhandschuh für sportliche Fahrer mit langer Stulpe. Ausgestattet mit einer Thermo-Alu Isolierung auf dem Handrücken. Die Handinnenfläche ist dünn für guten Grip. CE genormt. Unser Sensitive Touch System erlaubt darüberhinaus die Bedienung von Touch screens.;<p><strong>Materialien</p></strong><ul><li>Wasserdichte und atmungsaktive mit HIPORA Einsatz</li><li>Winterfutter mit Aluminium auf den Handrücken</li><li>Knöchelprotektoren auf den Handrücken</li><li>Verstärkung auf der Handfläche mit Chamude</li><li>Slider an Seite der Handfläche</li></ul><p><strong>Komfort</p></strong><ul><li>Lange Stulpe in Neopren mit Seitenfalten und Weitenregulierung durch Klett</li><li>Elastisches Material und Weitenregulierung durch Klett am Handgelenk</li></ul>;;;;;;Auf Lager;Nicht mehr verfügbar;;;;;;;;;;;;;;;;;
85374;;Ixon Handschuhe PRO APEX 2 HP - Schwarz/Rot;;;;;;;;;;MGDRPGIXGT131581;;;;;;;;;;;;;;;;;Winterhandschuh für sportliche Fahrer mit langer Stulpe. Ausgestattet mit einer Thermo-Alu Isolierung auf dem Handrücken. Die Handinnenfläche ist dünn für guten Grip. CE genormt. Unser Sensitive Touch System erlaubt darüberhinaus die Bedienung von Touch screens.;<p><strong>Materialien</p></strong><ul><li>Wasserdichte und atmungsaktive mit HIPORA Einsatz</li><li>Winterfutter mit Aluminium auf den Handrücken</li><li>Knöchelprotektoren auf den Handrücken</li><li>Verstärkung auf der Handfläche mit Chamude</li><li>Slider an Seite der Handfläche</li></ul><p><strong>Komfort</p></strong><ul><li>Lange Stulpe in Neopren mit Seitenfalten und Weitenregulierung durch Klett</li><li>Elastisches Material und Weitenregulierung durch Klett am Handgelenk</li></ul>;;;;;;Auf Lager;Nicht mehr verfügbar;;;;;;;;;;;;;;;;;
85375;;Ixon Handschuhe PRO APEX 2 HP - Schwarz/Gelb;;;;;;;;;;MGDRPGIXGT131721;;;;;;;;;;;;;;;;;Winterhandschuh für sportliche Fahrer mit langer Stulpe. Ausgestattet mit einer Thermo-Alu Isolierung auf dem Handrücken. Die Handinnenfläche ist dünn für guten Grip. CE genormt. Unser Sensitive Touch System erlaubt darüberhinaus die Bedienung von Touch screens.;<p><strong>Materialien</p></strong><ul><li>Wasserdichte und atmungsaktive mit HIPORA Einsatz</li><li>Winterfutter mit Aluminium auf den Handrücken</li><li>Knöchelprotektoren auf den Handrücken</li><li>Verstärkung auf der Handfläche mit Chamude</li><li>Slider an Seite der Handfläche</li></ul><p><strong>Komfort</p></strong><ul><li>Lange Stulpe in Neopren mit Seitenfalten und Weitenregulierung durch Klett</li><li>Elastisches Material und Weitenregulierung durch Klett am Handgelenk</li></ul>;;;;;;Auf Lager;Nicht mehr verfügbar;;;;;;;;;;;;;;;;;
85376;;Ixon Handschuhe PRO DONNA HP - Schwarz;;;;;;;;;;MGDRPGIXGT141013;;;;;;;;;;;;;;;;;"Warmer Damenhandschuh hauptsächlich aus Strechtextil; seine 3 Farbvarianten kombinieren sich perfekt mit der neuen Jacke Kashima HP ; Wasserdicht und atmungsaktiv, CE zertifiziert.";<p><strong>Materialien</p></strong><ul><li>Textil Handschuhe mit sehr bequemem Stretch</li><li>Wasserdichte und atmungsaktive Hipora-Einsätze</li><li>Dickes Winterfutter auf dem Handrücken: unter und über der Membrane</li><li>Winterfutter auf der Handfläche</li></ul>;;;;;;Auf Lager;Nicht mehr verfügbar;;;;;;;;;;;;;;;;;
85377;;Ixon Handschuhe PRO SPY HP - Schwarz;;;;;;;;;;MGDRPGIXGT151012;;;;;;;;;;;;;;;;;Winterhandschuhe, hergestellt aus sehr komfortablen Stoff, eine wasserdichte und atmungsaktive Hipora-Membrane einbinden.;<p><strong>Materialien</p></strong><ul><li>Stretch-Material für <p><strong>Komfort</p></strong><ul><li>Wasserdichte und atmungsaktive Einsätze</li><li>Dickes Winterfutter auf dem Handrücken</li><li>Winterfutter auf der Handfläche</li><li>Schaum-Verstärkung auf der Handfläche</li></ul><p><strong>Komfort</p></strong><ul><li>Lange Stulpe</li><li>Geschmeidigen Knöchelprotektoren auf den Handrücken</li><li>Handgelenke mit Gummizug und Klettverschluss</li></ul>;;;;;;Auf Lager;Nicht mehr verfügbar;;;;;;;;;;;;;;;;;
85378;;Ixon Handschuhe PRO DONNA HP - Schwarz/Weiss/Blau;;;;;;;;;;MGDRPGIXGT151791;;;;;;;;;;;;;;;;;"Warmer Damenhandschuh hauptsächlich aus Strechtextil; seine 3 Farbvarianten kombinieren sich perfekt mit der neuen Jacke Kashima HP ; Wasserdicht und atmungsaktiv, CE zertifiziert.";<p><strong>Materialien</p></strong><ul><li>Textil Handschuhe mit sehr bequemem Stretch</li><li>Wasserdichte und atmungsaktive Hipora-Einsätze</li><li>Dickes Winterfutter auf dem Handrücken: unter und über der Membrane</li><li>Winterfutter auf der Handfläche</li></ul>;;;;;;Auf Lager;Nicht mehr verfügbar;;;;;;;;;;;;;;;;;
85379;;Ixon Handschuhe PRO FIT HP - Schwarz;;;;;;;;;;MGDRPGIXGT161011;;;;;;;;;;;;;;;;;Ixon Pro Fit Handschuhe schwarz HP. Sehr warm, lange Stulpe Handschuhe, mit eine atmungsaktive, wasserdichte Membran, ideal für den Winter. Mit belüfteten Schutz mit CE-Zertifizierung auf die Handknöchel und sensible Touch-System.;<p><strong>Materialien</p></strong><ul><li>Kuh Leder und Stretch</li><li>Wasserdichte und atmungsaktive Einsätze</li><li>Doppel-Fusster auf der Handoberseite</li><li>InnenFusster aus geschmeidigem micropolar</li><li>Handfläche mit Ziegenleder und Chamude, mit exklusivem Slider</li><li>Knöchelprotektoren mit Lüftung auf dem Handrücken</li></ul><p><strong>Komfort</p></strong><ul><li>Lange Stulpe mit Gummi</li><li>Flex-Leder auf den Fingern</li><li>Handgelenke mit Gummizug und Klettverschluss</li><li>Lange Stulpe mit Klettverschluss</li></ul>;;;;;;Auf Lager;Nicht mehr verfügbar;;;;;;;;;;;;;;;;;
85380;;Ixon Handschuhe PRO ROLL HP - Schwarz;;;;;;;;;;MGDRPGIXGT161012;;;;;;;;;;;;;;;;;Ixon Pro Roll HP Handschuhe schwarz. Winterhandschuhe, komfortabel und wasserdicht. Mit Thinsulate-Futter im oberen, Kalbshaxe Absicherungen und sensible Touch-System.;<p><strong>Materialien</p></strong><ul><li>Handknöcheln in textil und Softshell</li><li>Handfläche in Leder mit Chamude-Verstärkung</li><li>Wasserdicht und atmungsaktiv Einsatz</li><li>Thinsulate und Winterfutter auf den Handknöcheln</li><li>Winterfutter auf der Handfläche</li><li>Kunststoffeprotektoren auf den Handknöcheln</li></ul><p><strong>Komfort</p></strong><ul><li>Weitenregulierung an der Stuple mit rubber</li><li>Handgelenke mit Gummi und klettverschluss</li><li>Stulpe mit klettverschluss</li></ul>;;;;;;Auf Lager;Nicht mehr verfügbar;;;;;;;;;;;;;;;;;
85381;;Ixon Kombi ZENITH - Weiss/Schwarz/Gold;;;;;;;;;;MGDRPGIXLS112141;;;;;;;;;;;;;;;;;Anzug aus Känguruleder. Zu 100 % bei IXON hergestellt. Eine Leistung unserer Racing Technologie. Entwickelt für die Moto GP und standardisiert für alle Fahrer.;<ul><li>Material</li><li>100% Känguru-Leder,</li><li>Exklusive Silizium Behandlung dass die Reibung im Fall eines Sturzes verbessert</li><li>Stoßdämpfende Schaum-Verstärkungen</li><li>Sehr elastischer Stretch (43%) in den 4 Sinnen</li><li>Lederstretch mit Jersey-Fusster Faser-Verstärkung im hinteren Schultebereich und Lendenwirbereich</li></ul><p><strong>Komfort</strong></p><ul><li>Sichere Nähte</li><li>Vollständig vorgeformt</li></ul><p><strong>Eigenschaften</strong></p><ul><li>Mit Racing Kombi Überzug Suitcover, sliders und Lederabdeckung für Klettband</li></ul>;;;;;;Auf Lager;Nicht mehr verfügbar;;;;;;;;;;;;;;;;;
85382;;Ixon Kombi ZENITH - Weiss/Schwarz/Rot;;;;;;;;;;MGDRPGIXLS112171;;;;;;;;;;;;;;;;;Anzug aus Känguruleder. Zu 100 % bei IXON hergestellt. Eine Leistung unserer Racing Technologie. Entwickelt für die Moto GP und standardisiert für alle Fahrer.;<ul><li>Material</li><li>100% Känguru-Leder,</li><li>Exklusive Silizium Behandlung dass die Reibung im Fall eines Sturzes verbessert</li><li>Stoßdämpfende Schaum-Verstärkungen</li><li>Sehr elastischer Stretch (43%) in den 4 Sinnen</li><li>Lederstretch mit Jersey-Fusster Faser-Verstärkung im hinteren Schultebereich und Lendenwirbereich</li></ul><p><strong>Komfort</strong></p><ul><li>Sichere Nähte</li><li>Vollständig vorgeformt</li></ul><p><strong>Eigenschaften</strong></p><ul><li>Mit Racing Kombi Überzug Suitcover, sliders und Lederabdeckung für Klettband</li></ul>;;;;;;Auf Lager;Nicht mehr verfügbar;;;;;;;;;;;;;;;;;
85383;;Ixon Kombi PULSAR - Schwarz/Weiss/Grün;;;;;;;;;;MGDRPGIXLS151841;;;;;;;;;;;;;;;;;High Performance Rindsleder Rennanzug. Diese perfekte Darstellung de “MotoGPExperience” nimmt konkrete Form an in einem zugänglichen Produkt. Hier trifft Komfort auf Schutz für die anspruchsvollsten Fahrer.;<ul><li>Material</li><li>100% Sehr geschmeidiges Rindleder</li><li>Mit LerderPerforationen auf dem Rumpf, den Armen und den Beinen</li><li>2 Leder Dicke auf die äußeren Oberschenkel und in Gesäß</li></ul><p><strong>Komfort</strong></p><ul><li>Liegende Nähte für Stärke</li><li>Vorgeformte Brustbild, Bein, Schulter und Ärmel</li></ul><p><strong>Eigenschaften</strong></p><ul><li>Mit sliders und Lederabdeckung für Klettband</li></ul>;;;;;;Auf Lager;Nicht mehr verfügbar;;;;;;;;;;;;;;;;;
85384;;Ixon Hose COOLER - Schwarz;;;;;;;;;;MGDRPGIXPA151011;;;;;;;;;;;;;;;;;Sehr leichte und gut belüftete Sommerhose, die Cooler Pant formt zusammen mit der Cooler Jacke ein ensemble.;<ul><li>Belüftung über atmungsaktives Textilmaterial an Vorder- und Rückseite</li><li>Morpho Concept Technology um sich an jede Körperform anzupassen</li><li>Reflektierende Logos</li><li>Weitenregulierung an Taille durch elastisches Material und Klett</li><li>Reissverschluss und Druckknöpfe an der Vorderseite</li><li>4 Außentaschen</li><li>Verbindung mit Schlaufe und Druckknopf</li><li>Reissverschlussverbindung am Rücken</li></ul>;;;;;;Auf Lager;Nicht mehr verfügbar;;;;;;;;;;;;;;;;;
85385;;Ixon Hose ADDICT PANT - Schwarz/Weiss;;;;;;;;;;MGDRPGIXPC121151;;;;;;;;;;;;;;;;;Leder Renn-Hose in auffälligem Look, die GP bietet. Für ein sportliches Fahren auf der Rennstrecke oder der Straße.;<ul><li>Material</li><li>100% Sehr geschmeidiges Rindleder</li><li>Stretch hinter den Waden</li><li>Stretch-leader In den Knien und hinter dem Gürtel</li></ul><p><strong>Eigenschaften</strong></p><ul><li>Mit sliders und Lederabdeckung für Klettband</li><li>360° umlaufende Reissverschlussverbindung in Taillenhöhe</li><li>Reissverschlussverbindung am Rücken</li></ul>;;;;;;Auf Lager;Nicht mehr verfügbar;;;;;;;;;;;;;;;;;
85386;;Ixon Hose FUELLER - Schwarz/Weiss;;;;;;;;;;MGDRPGIXPC13115;;;;;;;;;;;;;;;;;Racing Lederhose sehr komfortabel mit qualitativen Eigenschaften und Details für einen sehr guten Preis. Sie passen und verbinden Fueller und Fueller Dry Jacken zu einer 2-teiler Kombi zusammen;<ul><li>Material</li><li>Rindleder</li><li>Nahtloses Stretchmaterial im Schritt- und Wadenbereich</li><li>Weitenregulierung durch Elastik an der Taille</li><li>Flex-Gewebe an der Rückseite der Taille</li></ul><p><strong>Eigenschaften</strong></p><ul><li>360° umlaufende Reissverschlussverbindung in Taillenhöhe</li></ul>;;;;;;Auf Lager;Nicht mehr verfügbar;;;;;;;;;;;;;;;;;
85387;;Ixon Hose OXYD - Blau;;;;;;;;;;MGDRPGIXPL093011;;;;;;;;;;;;;;;;;Unser Slogan «Creative bike Wear» veranschaulicht die Essenz der Marke IXON, ihr Versprechen und ihre tief empfundenen Ziele…;<ul><li>Mit DuPont™ KEVLAR® Fasern verstärkung am Innengesä?, an den Hüften und am Knie</li><li>Morpho Concept Technology, um die Hose individuell an den Träger anpassen zu können. Weitenregulierung an Taille durch Druckknopf</li><li>2 unterschiedliche Höhen für Fixierung der CE Protektoren an den Taschen</li><li>3 unterschiedliche Längen für einfache Druckknopfverstellung</li><li>“DuPont™ and KEVLAR® are registered trademarks or trademarks of E.I. du Pont de Nemours and Company and are used with permission”.</li></ul>;;;;;;Auf Lager;Nicht mehr verfügbar;;;;;;;;;;;;;;;;;
85388;;Ixon Hose SAWYER - Schwarz;;;;;;;;;;MGDRPGIXPL131011;;;;;;;;;;;;;;;;;Spezielle Motorradjeans, rechtem Schnitt, schwarze ölige Baumwollverarbeitung, sichtbare Ziernähte und 3D Knie für echten Streetwear-Style. ;<ul><li>Material</li><li>Verstärkung am Innengesä?, an den Hüften und am Knie</li><li>Morpho Concept Technology, um an jede Morphologie anzupassen</li><li>Weitenregulierung an der Taille</li><li>2 unterschiedliche Höhen für Fixierung der CE Protektoren an den Taschen</li><li>3 unterschiedliche Längen dank eines einfaches Druckknopfverstellung</li><li>Ein gerader Schnitt, ein waxed black cotton finishing, kontrastreiche Nähte und vorgeformte 3D Knie, schaffe eine Streetwear Look</li></ul><p><strong>Komfort</strong></p><ul><li>Weitenregulierung an Taille durch Klett</li><li>Reissverschluss und Knopf an der Vorseite</li><li>Gürtelpassant</li></ul><p><strong>Eigenschaften</strong></p><ul><li>6 Taschen</li></ul>;;;;;;Auf Lager;Nicht mehr verfügbar;;;;;;;;;;;;;;;;;
85389;;Ixon Hose DUSTIN - Blau;;;;;;;;;;MGDRPGIXPL133041;;;;;;;;;;;;;;;;;Modischer look mit gebleichter Bearbeitung;<ul><li>Material</li><li>Verstärkung am Innengesäss, an den Hüften und am Knie</li><li>Morpho Concept Technology, um an jede Morphologie anzupassen</li><li>Weitenregulierung an der Taille</li><li>2 unterschiedliche Höhen für Fixierung der CE Protektoren an den Taschen</li><li>3 unterschiedliche Längen dank eines einfaches Druckknopfverstellung</li><li>Modisher Look mit gebleichtem Bearbeitung und kontrastiert Überwendlingsnaht</li></ul><p><strong>Komfort</strong></p><ul><li>Weitenregulierung an Taille durch Klett</li><li>Reissverschluss und Knopf an der Vorseite</li><li>Gürtelpassant</li></ul><p><strong>Eigenschaften</strong></p><ul><li>4 Taschen</li></ul>;;;;;;Auf Lager;Nicht mehr verfügbar;;;;;;;;;;;;;;;;;
85390;;Ixon Hose DUSTIN C - Blau;;;;;;;;;;MGDRPGIXPL133042;;;;;;;;;;;;;;;;;Modischer look mit gebleichter Bearbeitung - C - Sizing;<ul><li>Material</li><li>Verstärkung am Innengesäss, an den Hüften und am Knie</li><li>Morpho Concept Technology, um an jede Morphologie anzupassen</li><li>Weitenregulierung an der Taille</li><li>2 unterschiedliche Höhen für Fixierung der CE Protektoren an den Taschen</li><li>3 unterschiedliche Längen dank eines einfaches Druckknopfverstellung</li><li>Modisher Look mit gebleichtem Bearbeitung und kontrastiert Überwendlingsnaht</li></ul><p><strong>Komfort</strong></p><ul><li>Weitenregulierung an Taille durch Klett</li><li>Reissverschluss und Knopf an der Vorseite</li><li>Gürtelpassant</li></ul><p><strong>Eigenschaften</strong></p><ul><li>4 Taschen</li></ul>;;;;;;Auf Lager;Nicht mehr verfügbar;;;;;;;;;;;;;;;;;
85391;;Ixon Hose WHITNEY - Blau;;;;;;;;;;MGDRPGIXPL133043;;;;;;;;;;;;;;;;;Damenjeans spezifisch für Motorrad, mit CE Protektoren an den Knien in ihre Netztasche geliefert , wird es durch gewebtes Material auf das Gesäß , Hüfte und Knien verstärkt. Für optimalen Komfort , sondern hat auch die Morpho Konzept Technologie;<ul><li>Material</li><li>Verstärkung am Innengesä?, an den Hüften und am Knie</li><li>Morpho Concept Technology, um an jede Morphologie anzupassen</li><li>Weitenregulierung an der Taille</li><li>2 unterschiedliche Höhen für Fixierung der CE Protektoren an den Taschen</li><li>3 unterschiedliche Längen dank eines einfaches Druckknopfverstellung</li><li>Stylich und mit klarer Linienführung. Mit femininen details und einem Stonewashed Look</li></ul><p><strong>Komfort</strong></p><ul><li>Weitenregulierung an Taille durch Klett</li><li>Reissverschluss und Knopf an der Vorseite</li><li>Gürtelpassant</li></ul><p><strong>Eigenschaften</strong></p><ul><li>4 Taschen</li></ul>;;;;;;Auf Lager;Nicht mehr verfügbar;;;;;;;;;;;;;;;;;
85392;;Ixon Hose CLIMBER FLY C-SIZING - ;;;;;;;;;;MGDRPGIXPM101011;;;;;;;;;;;;;;;;;Schlichte Hose mit einem passenden Schnitt für jede Körperform. Sie bietet Wärme, ist wasserdicht und atmungsaktiv und lässt sich verbinden;<ul><li>Material</li><li>Wasserdichtes und atmungsaktives Drymesh Einsätze</li><li>Komplettes herausnehmbares Winterfutter</li></ul><p><strong>Komfort</strong></p><ul><li>Weitenregulierung an Taille durch elastischem Material</li><li>Reissverschluss und Klett an der Vorseite</li><li>Weitenregulierung durch Reissverschluss und Klett an den Fusssgelenken</li></ul><p><strong>Eigenschaften</strong></p><ul><li>3 Taschen</li><li>Verbindung mit Schlaufe und Druckknopf</li><li>Reissverschlussverbindung am Rücken</li></ul>;;;;;;Auf Lager;Nicht mehr verfügbar;;;;;;;;;;;;;;;;;
85393;;Ixon Hose AMARIS - Schwarz;;;;;;;;;;MGDRPGIXPM111011;;;;;;;;;;;;;;;;;Dieses technische High-End Hose ist extrem vielseitige weil 3 in 1, für den Gebrauch in der gesamten Saison.;<ul><li>Material</li><li>3 in 1 Hosen</li><li>Wasserdichtem und atmungsaktivem mit herausnehmbarem Drymesh Einsatz</li><li>Herausnehmbares komplettes Winterfutter</li><li>Mit langer Reissverschluss verschlie?bare Belüftungen</li><li>Nahtloses Stretchmaterial im Schrittbereich</li><li>Riplan-verstärkung an Knien</li></ul><p><strong>Komfort</strong></p><ul><li>Weitenregulierung an Taille durch Klett</li><li>Reissverschluss und Klett an der Vorseite</li><li>Weitenregulierung durch Reissverschluss und Klett an den Fussgelenken</li></ul><p><strong>Eigenschaften</strong></p><ul><li>4 Taschen</li><li>Verbindung mit Schlaufe und Druckknopf</li><li>Reissverschlussverbindung am Rücken</li></ul>;;;;;;Auf Lager;Nicht mehr verfügbar;;;;;;;;;;;;;;;;;
85394;;Ixon Hose CLIMBER FLY HP - Schwarz;;;;;;;;;;MGDRPGIXPM121011;;;;;;;;;;;;;;;;;Schlichte Hose mit einem passenden Schnitt für jede Körperform. Sie bietet Wärme, ist wasserdicht und atmungsaktiv und lässt sich verbinden;<ul><li>Material</li><li>Wasserdichtes und atmungsaktives Drymesh Einsätze</li><li>Komplettes herausnehmbares Winterfutter</li></ul><p><strong>Komfort</strong></p><ul><li>Weitenregulierung an Taille durch elastischem Material</li><li>Reissverschluss und Klett an der Vorseite</li><li>Weitenregulierung durch Reissverschluss und Klett an den Fusssgelenken</li></ul><p><strong>Eigenschaften</strong></p><ul><li>3 Taschen</li><li>Verbindung mit Schlaufe und Druckknopf</li><li>Reissverschlussverbindung am Rücken</li></ul>;;;;;;Auf Lager;Nicht mehr verfügbar;;;;;;;;;;;;;;;;;
85395;;Ixon Hose LUNA STAR HP - Schwarz;;;;;;;;;;MGDRPGIXPM121012;;;;;;;;;;;;;;;;;Damen Hose mit einem schlichten und modernen Look. Wasserdicht und atmungsaktiv, dabei sehr komfortabel und Dehnbar durch ein herausnehmbares Sommer Baumwollfutter. Winterfutter separat verkauft.;<ul><li>Material</li><li>Wasserdichtes und atmungsaktives Einsätze</li><li>Herausnehmbares baumwollenes InnenFusster</li><li>Nahtloses Stretchmaterial im Schrittbereich</li></ul><p><strong>Komfort</strong></p><ul><li>Weitenregulierung an Taille durch Klett</li><li>Reissverschluss und Klett an der Vorseite</li><li>Weitenregulierung durch Reissverschluss und Klett an den Fussgelenken</li></ul><p><strong>Eigenschaften</strong></p><ul><li>2 Taschen</li></ul>;;;;;;Auf Lager;Nicht mehr verfügbar;;;;;;;;;;;;;;;;;
85396;;Ixon Hose AMBITIOUS SPORT - Schwarz;;;;;;;;;;MGDRPGIXPM121013;;;;;;;;;;;;;;;;;Dieses technische High-End Hose ist 3 in 1: wie Atmungsaktiv Textilmaterial die Ventilation erlaubt, hat Ambitious Sport ein herausnehmbares wasserdichtem und atmungsaktivem Einsatz und ein herausnehmbares Winterfutter.;<ul><li>Material</li><li>3 in 1 Hosen</li><li>Atmungsaktives Textilmaterial an Vorder- und Rückseite</li><li>Wasserdichtes und atmungsaktives Herausnehmbares Einsatz</li><li>Herausnehmbares Winterfutter</li><li>Vorgeformte Knie mit Riplan-verstärkung</li><li>Reflektierende Paspel</li></ul><p><strong>Komfort</strong></p><ul><li>Weitenregulierung an Taille durch Klett</li><li>Reissverschluss und Druckknöpfe an der Vorseite</li><li>Weitenregulierung durch Reissverschluss und Klett an den Fussgelenken</li></ul><p><strong>Eigenschaften</strong></p><ul><li>7 Taschen</li><li>360° umlaufende Reissverschlussverbindung in Taillenhöhe</li><li>Verbindung mit Schlaufe und Druckknopf</li></ul>;;;;;;Auf Lager;Nicht mehr verfügbar;;;;;;;;;;;;;;;;;
85397;;Ixon Hose LUNA STAR C-SIZING - ;;;;;;;;;;MGDRPGIXPW081122;;;;;;;;;;;;;;;;;Damen Hose mit einem schlichten und modernen Look. Wasserdicht und atmungsaktiv, dabei sehr komfortabel und Dehnbar durch ein herausnehmbares Sommer Baumwollfutter. Winterfutter separat verkauft.;<ul><li>Material</li><li>Wasserdichtes und atmungsaktives Einsätze</li><li>Herausnehmbares baumwollenes InnenFusster</li><li>Nahtloses Stretchmaterial im Schrittbereich</li></ul><p><strong>Komfort</strong></p><ul><li>Weitenregulierung an Taille durch Klett</li><li>Reissverschluss und Klett an der Vorseite</li><li>Weitenregulierung durch Reissverschluss und Klett an den Fussgelenken</li></ul><p><strong>Eigenschaften</strong></p><ul><li>2 Taschen</li></ul>;;;;;;Auf Lager;Nicht mehr verfügbar;;;;;;;;;;;;;;;;;
85398;;Ixon Hose SHUTTER - Schwarz;;;;;;;;;;MGDRPGIXPW141011;;;;;;;;;;;;;;;;;Unser Slogan «Creative bike Wear» veranschaulicht die Essenz der Marke IXON, ihr Versprechen und ihre tief empfundenen Ziele…;<ul><li>Wasserdichte PVC-Beschichtung</li><li>Einfach Anzuziehen dank durchgehendem Reissverschluss mit Doppelschieber</li></ul>;;;;;;Auf Lager;Nicht mehr verfügbar;;;;;;;;;;;;;;;;;
85399;;Ixon GUARDIAN PROTECTION DORSALE - ;;;;;;;;;;MGDRPGIXSR158081;;;;;;;;;;;;;;;;;Sport Touring;<ul><li>Sport Touring</li><li>Rückenprotektor mit CE Zertifizierung</li></ul>;;;;;;Auf Lager;Nicht mehr verfügbar;;;;;;;;;;;;;;;;;
85400;;Ixon Jacke BROOKLYN HP - Schwarz;;;;;;;;;;MGDRPGIXVM121011;;;;;;;;;;;;;;;;;Die Jacke Brooklyn HP ist sowohl lang als auch urban, sportlich und chic. Wasserdicht, atmungsaktiv und warm mit Ihren 4 Taschen und ihren versilberten Schlaufen geben ihr all ihr Stil.;<ul><li>Hoher Kragen mit Neoprenverstärkung </li><li>Lange und gerade Schnitt</li><li>Weitenregulierung durch Druccknopfe an Kragen</li><li>Druccknopfe an Kragen, Taille und Handgelenken</li><li>Reissverscluss an der Vorseite mit winddichter Klappe</li><li>Wasserdichte Klappe unter Reissverscluss an der Vorseite</li><li>Schlaufen und Drückknopfe in altem Silber Messing</li><li>6 Au?entachen</li><li>1 wasserdichter Geldbörsentasche</li><li>2 Innentaschen + 2 Fusstertaschen</li></ul>;;;;;;Auf Lager;Nicht mehr verfügbar;;;;;;;;;;;;;;;;;
85401;;Ixon Jacke MONTMARTRE HP - Schwarz;;;;;;;;;;MGDRPGIXVM121012;;;;;;;;;;;;;;;;;"Damenjacke für den urbanen Gebrauch. Funktionell und chic. Mit abnehmbarem Gürtel und Kapuze. Die Stoffe sind geschmeidig und das Design bietet einen ""ready-to-wear Style"". Darüberhinaus ist Montmartre HP CE genormt und mit CE Rückenprotektoren ausgerüstet.";<ul><li>Wasserdichter und atmungsaktiver</li><li>Komplettes herausnehmbares Winterfutter</li><li>Herausnehmbares wattiertes Kragen</li><li>CE geprüfter mit CE Rucken Protektoren</li><li>Hoher Kragen</li><li>Reissverschluss an der Vorseite mit winddichter Klappe</li></ul>;;;;;;Auf Lager;Nicht mehr verfügbar;;;;;;;;;;;;;;;;;
85402;;Ixon Jacke DUNE HP - Schwarz;;;;;;;;;;MGDRPGIXVM131011;;;;;;;;;;;;;;;;;3 in 1 Jacke für jeden Anlass.;<ul><li>Vielseitige 3 in 1 Jacke.</li><li>Einstellbare Belüftung im Brustbereich.</li><li>Air Flow Process : Belüftung über Mesheinsätze im Rückenbereich und an den Armeln.</li><li>Riplan-Verstärkung an den Schultern.</li></ul>;;;;;;Auf Lager;Nicht mehr verfügbar;;;;;;;;;;;;;;;;;
85403;;Ixon Jacke KALIA SHELL HP - Schwarz;;;;;;;;;;MGDRPGIXVM131012;;;;;;;;;;;;;;;;;Textiljacke für den Winter mit technischen Features. Ein Mix aus Noxiguard und Noxishell sorgt für Schutz und Komfort und gegen Wind. Das herausnehmbares Winterfutter kann als eigenständige Sportswearjacke getragen werden. Die Jacke ist mit der IXON Protektortechnologie versehen und CE genormt.;<ul><li>Material</li><li>Noxishell in Frontbereich für eine perfekte winddichte Protektion</li><li>Wasserdichtes und atmungsaktives Drymesh Einsätze</li><li>Lüftung an Brust und Rücken mit Reissverscluss</li><li>Komplettes herausnehmbares Winterfutter</li><li>Flex an Seiten</li><li>Elastischem Material an Taille</li></ul><p><strong>Komfort</strong></p><ul><li>Hoher Kragen</li><li>Weitenregulierung durch Klett an Kragen</li><li>Weitenregulierung mit Klett an den Handgelenken</li><li>Weitenregulierung an Taille durch Schnalle und elastischem Material</li><li>Klappe unter Reissverscluss an der Vorseite</li><li>Reissverscluss an der Vorseite mit Klappe</li></ul><p><strong>Eigenschaften</strong></p><ul><li>2 Ausentaschen</li><li>4 Fusstertaschen</li><li>2 Innentaschen</li><li>Reissverschlussverbindung am Rücken</li><li>Verbindung mit Schlaufe und Druckknopf</li></ul>;;;;;;Auf Lager;Nicht mehr verfügbar;;;;;;;;;;;;;;;;;
85404;;Ixon Jacke OTTAWA - Schwarz;;;;;;;;;;MGDRPGIXVM151012;;;;;;;;;;;;;;;;;Diese typische Parka ¾  ist sehr warm und sehr komfortabel. Entwickelt in sehr weichem Material. Kann dank seinem warmen und herausnehmbarem Innenfutter die extremsten Bedingungen erfüllen. ;<ul><li>Material</li><li>¾ Langjacke, schützend und sehr warm</li><li>Sehr geschmeidiges Noxitech Canvas + Material</li><li>Wasserdicht und atmungsaktiv mit Drymesh Einsatz</li><li>Komplettes herausnehmbares, warmes Winterfutter, mit gestrickten Ärmelbündchen</li><li>Herausnehmbarer, wattierter und warmer Kragen</li><li>Herausnehmbare Kapuze mit abnehmbarem Pelzrand</li><li>Mit Leder Finishing am Kragen, Taschen und Handgelenken</li></ul><p><strong>Komfort</strong></p><ul><li>Standardkragen</li><li>Weitenregulierung mit Druckknöpfen an den Handgelenken</li><li>Weitenregulierung an der Taille mit Innenschnur und Druckknöpfen am Rücken</li><li>Seitenfalten mit Reissverschluss für hohen Komfort</li><li>Klappe über dem FrontReissverschluß</li></ul><p><strong>Eigenschaften</strong></p><ul><li>5 Außentaschen</li><li>1 wasserdichte Tasche</li><li>2 Fusstertaschen</li><li>2 Innentaschen</li></ul>;;;;;;Auf Lager;Nicht mehr verfügbar;;;;;;;;;;;;;;;;;
85405;;Ixon Jacke OTTAWA LADY - Schwarz;;;;;;;;;;MGDRPGIXVM151014;;;;;;;;;;;;;;;;;Damen Version der Ottawa, diese lange Jacke hat die selben technischen Merkmale: ein sehr warme Winterfutter, Kapuze mit großer Pelzrand, abnehmbarer gesteppter Winter Kragen.;<ul><li>Material</li><li>¾ Langjacke, schützend und sehr warm</li><li>Sehr geschmeidiges Noxitech Canvas + Material</li><li>Wasserdicht und atmungsaktiv mit Drymesh Einsatz</li><li>Komplettes herausnehmbares, warmes Winterfutter, mit gestrickten Ärmelbündchen</li><li>Herausnehmbarer, wattierter und warmer Kragen</li><li>Herausnehmbare Kapuze mit Pelzrand</li><li>Mit Leder Finishing am Kragen, Taschen und Handgelenken</li></ul><p><strong>Komfort</strong></p><ul><li>Standardkragen</li><li>Weitenregulierung mit Druckknöpfen an den Handgelenken</li><li>Seitenfalten mit Reissverschluss für hohen Komfort</li><li>Klappe über dem FrontReissverschluß</li></ul><p><strong>Eigenschaften</strong></p><ul><li>6 Außentaschen</li><li>1 wasserdichte Tasche</li><li>2 Fusstertaschen</li><li>2 Innentaschen</li></ul>;;;;;;Auf Lager;Nicht mehr verfügbar;;;;;;;;;;;;;;;;;
85406;;Ixon Jacke PROTOUR HP - Schwarz/leuchtend Gelb;;;;;;;;;;MGDRPGIXVM151722;;;;;;;;;;;;;;;;;"Neue 3 in 1 Jacke, High-End- Features und Technisierung erlauben der Jacke ihrer Vollständigkeit. Der Außenmantel ist mit mehreren Spann ausgestattet, Taschen sowie Lüftungen ; das wasserdichte und atmungsaktive Innenfutter ist abnehmbar und das Winterfutter ist herausnehmbar und sehr warm.";"<ul><li>Material</li><li>3 in 1 wasserdichte atmungsaktive und warme LangJacke</li><li>Wasserdichtes und atmungsaktives Drymesh Einsätze</li><li>Herausnehmbares Winterfutter</li><li>Lüftungen durch Reissverschluss an Brust, Armen und Rücken</li><li>Mehrere Taschen</li></ul><p><strong>Komfort</strong></p><ul><li>Standardkragen</li><li>Nackenabdeckung mit Neopren</li><li>Weitenregulierung mit klett an den Handgelenken</li><li>Weitenregulierung durch Schnalle und Klett an den Taille</li><li>Klappe unter Reissverscluss an der Vorseite</li></ul><p><strong>Eigenschaften</strong></p><ul><li>2 Ausentaschen</li><li>2 Reissverschluss-Öffnungen im Brustbereich, die als Tasche oder Belüftung genutzt warden können</li><li>2 Reissverschluss-Öffnungen an den Ärmeln, die als Tasche oder Belüftung genutzt warden können</li><li>1 wasserdichte Tasche</li><li>2 Fusstertaschen</li><li>2 Innentaschen</li><li>360° umlaufende Reissverschlussverbindung in Taillenhöhe<br><iframe width=""560"" height=""315"" src=""https://www.youtube.com/embed/YWj4Hrgv4hM?controls=0&amp;showinfo=0"" frameborder=""0"" allowFusslscreen></iframe>";;;;;;Auf Lager;Nicht mehr verfügbar;;;;;;;;;;;;;;;;;
85407;;Ixon Jacke OTTAWA - Blau;;;;;;;;;;MGDRPGIXVM153041;;;;;;;;;;;;;;;;;Diese typische Parka ¾  ist sehr warm und sehr komfortabel. Entwickelt in sehr weichem Material. Kann dank seinem warmen und herausnehmbarem Innenfutter die extremsten Bedingungen erfüllen. ;<ul><li>Material</li><li>¾ Langjacke, schützend und sehr warm</li><li>Sehr geschmeidiges Noxitech Canvas + Material</li><li>Wasserdicht und atmungsaktiv mit Drymesh Einsatz</li><li>Komplettes herausnehmbares, warmes Winterfutter, mit gestrickten Ärmelbündchen</li><li>Herausnehmbarer, wattierter und warmer Kragen</li><li>Herausnehmbare Kapuze mit abnehmbarem Pelzrand</li><li>Mit Leder Finishing am Kragen, Taschen und Handgelenken</li></ul><p><strong>Komfort</strong></p><ul><li>Standardkragen</li><li>Weitenregulierung mit Druckknöpfen an den Handgelenken</li><li>Weitenregulierung an der Taille mit Innenschnur und Druckknöpfen am Rücken</li><li>Seitenfalten mit Reissverschluss für hohen Komfort</li><li>Klappe über dem FrontReissverschluß</li></ul><p><strong>Eigenschaften</strong></p><ul><li>5 Außentaschen</li><li>1 wasserdichte Tasche</li><li>2 Fusstertaschen</li><li>2 Innentaschen</li></ul>;;;;;;Auf Lager;Nicht mehr verfügbar;;;;;;;;;;;;;;;;;
85408;;Ixon Jacke WALLSTREET - Schwarz;;;;;;;;;;MGDRPGIXVW111011;;;;;;;;;;;;;;;;;Dieser High End Parka ist durch seinen bemerkenswerten Stoff sehr effizient und widerstandsfähig und bietet zudem einen “ready to wear” Look. Die aufgebrachte Beschichtung (Skintech) macht ihn 100 % wasserdicht und extrem atmungsaktiv für besten Komfort und Schutz. Wall Street ist zudem sehr warm durch seine abnehmbare Pelz-Kapuze.;<ul><li>Material</li><li>Wasserdichtes und hyper-atmungsaktives mit Skintech Eigenschaften</li><li>Komplettes herausnehmbares Winterfutter</li><li>Herausnehmbare Kapuze mit abnehmbarem Pelz-Rand</li></ul><p><strong>Komfort</strong></p><ul><li>Hoher Kragen</li><li>Weitenregulierung durch Druckknopfe an Kragen</li><li>Weitenregulierung mit Drückknöpfe an den Handgelenken</li><li>Weitenregulierung durch Reissverschluss an den Hüften</li><li>Reissverscluss an der Vorseite mit Klappe</li></ul><p><strong>Eigenschaften</strong></p><ul><li>2 Ausentaschen</li><li>1 wasserdicht Tasche</li><li>3 Mobiltelefon Taschen</li><li>2 Fusstertaschen</li><li>2 Innentaschen</li></ul>;;;;;;Auf Lager;Nicht mehr verfügbar;;;;;;;;;;;;;;;;;
;;;;;;;;;;;;;;;;;;;;;;;;;;;;;;;;;;;;;;;;;;;;;;;;;;;;;;
;;;;;;;;;;;;;;;;;;;;;;;;;;;;;;;;;;;;;;;;;;;;;;;;;;;;;;
;;;;;;;;;;;;;;;;;;;;;;;;;;;;;;;;;;;;;;;;;;;;;;;;;;;;;;
;;;;;;;;;;;;;;;;;;;;;;;;;;;;;;;;;;;;;;;;;;;;;;;;;;;;;;
;;;;;;;;;;;;;;;;;;;;;;;;;;;;;;;;;;;;;;;;;;;;;;;;;;;;;;
;;;;;;;;;;;;;;;;;;;;;;;;;;;;;;;;;;;;;;;;;;;;;;;;;;;;;;
;;;;;;;;;;;;;;;;;;;;;;;;;;;;;;;;;;;;;;;;;;;;;;;;;;;;;;
;;;;;;;;;;;;;;;;;;;;;;;;;;;;;;;;;;;;;;;;;;;;;;;;;;;;;;
;;;;;;;;;;;;;;;;;;;;;;;;;;;;;;;;;;;;;;;;;;;;;;;;;;;;;;
;;;;;;;;;;;;;;;;;;;;;;;;;;;;;;;;;;;;;;;;;;;;;;;;;;;;;;
;;;;;;;;;;;;;;;;;;;;;;;;;;;;;;;;;;;;;;;;;;;;;;;;;;;;;;
;;;;;;;;;;;;;;;;;;;;;;;;;;;;;;;;;;;;;;;;;;;;;;;;;;;;;;
;;;;;;;;;;;;;;;;;;;;;;;;;;;;;;;;;;;;;;;;;;;;;;;;;;;;;;
;;;;;;;;;;;;;;;;;;;;;;;;;;;;;;;;;;;;;;;;;;;;;;;;;;;;;;
;;;;;;;;;;;;;;;;;;;;;;;;;;;;;;;;;;;;;;;;;;;;;;;;;;;;;;
